"uic";"street_name";"house_number";"house_corpus";"house_liter";"suburb_name"
"1";"1";"лермонтовский проспект";"14";NA;NA;NA
"2";"2";"лермонтовский проспект";"21";NA;NA;NA
"3";"3";"канонерская улица";"33";NA;NA;NA
"4";"4";"садовая улица";"108";NA;NA;NA
"5";"5";"лермонтовский проспект";"15";NA;NA;NA
"6";"6";"канонерская улица";"33";NA;NA;NA
"7";"7";"лоцманская улица";"10";NA;NA;NA
"8";"8";"набережная крюкова канала";"15";NA;NA;NA
"9";"9";"набережная крюкова канала";"3";NA;NA;NA
"10";"10";"набережная крюкова канала";"3";NA;NA;NA
"11";"11";"набережная реки пряжки";"4-6";NA;NA;NA
"12";"12";"улица витебская";"7";NA;NA;NA
"13";"13";"улица витебская";"7";NA;NA;NA
"14";"14";"улица союза печатников";"26";NA;NA;NA
"15";"15";"переулок бойцова";"3";NA;NA;NA
"16";"16";"улица садовая";"52";NA;NA;NA
"17";"17";"московский проспект";"9";NA;NA;NA
"18";"18";"набережная реки фонтанки";"113";NA;NA;NA
"19";"19";"вознесенский проспект";"38/4";NA;NA;NA
"20";"20";"казанская улица";"27";NA;NA;NA
"21";"21";"казанская улица";"48";NA;NA;NA
"22";"22";"улица гражданская";"26";NA;NA;NA
"23";"23";"набережная канала грибоедова";"123";NA;NA;NA
"24";"24";"средняя подьяческая улица";"1";NA;NA;NA
"25";"25";"средняя подьяческая улица";"1";NA;NA;NA
"26";"26";"улица большая морская";"61";NA;NA;NA
"27";"27";"фонарный переулок";"4";NA;NA;NA
"28";"28";"фонарный переулок";"4";NA;NA;NA
"29";"29";"улица большая морская";"33";NA;NA;NA
"30";"30";"набережная адмиралтейского канала";"11";NA;NA;NA
"31";"31";"адмиралтейская набережная";"4";NA;NA;NA
"32";"32";"улица якубовича";"26";NA;NA;NA
"33";"33";"улица бородинская";"11";NA;NA;NA
"34";"34";"улица бородинская";"11";NA;NA;NA
"35";"35";"можайская улица";"1";NA;NA;NA
"36";"36";"верейская улица";"20";NA;NA;NA
"37";"37";"верейская улица";"20";NA;NA;NA
"38";"38";"улица серпуховская";"39";NA;NA;NA
"39";"39";"улица серпуховская";"39";NA;NA;NA
"40";"40";"малодетскосельский проспект";"17";NA;NA;NA
"41";"41";"можайская улица";"1";NA;NA;NA
"42";"42";"малодетскосельский проспект";"23";NA;NA;NA
"43";"43";"советский переулок";"4";NA;NA;NA
"44";"44";"набережная реки фонтанки";"134";NA;"А ";NA
"45";"45";"улица 8-я красноармейская";"3";NA;NA;NA
"46";"46";"улица 10-я красноармейская";"5";NA;"А ";NA
"47";"47";"улица 2-я красноармейская";"4";NA;NA;NA
"48";"48";"улица 7-я красноармейская";"12";NA;NA;NA
"49";"49";"улица егорова";"24";NA;NA;NA
"50";"50";"набережная обводного канала";"143";NA;NA;NA
"51";"51";"лермонтовский проспект";"52";NA;NA;NA
"52";"52";"московский проспект";"79";NA;NA;NA
"53";"53";"улица дровяная";"7";NA;"А ";NA
"54";"54";"улица циолковского";"8";NA;NA;NA
"55";"55";"рижский проспект";"29";NA;NA;NA
"56";"56";"улица курляндская";"43";NA;NA;NA
"57";"57";"улица шкапина";"2";NA;NA;NA
"58";"58";"старо-петергофский проспект";"33";NA;NA;NA
"59";"59";"нарвский проспект";"6";NA;NA;NA
"60";"60";"старо-петергофский проспект";"33";NA;NA;NA
"61";"61";"улица бумажная";"5";NA;NA;NA
"62";"104";"кадетская линия в.о.";"3";NA;NA;NA
"63";"105";"кадетская линия в.о.";"3";NA;NA;NA
"64";"106";"2-3-я линии в.о.";"23";NA;NA;NA
"65";"107";"4-5-я линии в.о.";"16";NA;NA;NA
"66";"108";"7-я линия в.о.";"52";NA;NA;NA
"67";"109";"9-я линия в.о.";"6";NA;NA;NA
"68";"110";"большой проспект в.о.";"31";NA;NA;NA
"69";"111";"набережная лейтенанта шмидта";"1/15";NA;NA;NA
"70";"112";"12-13-я линии в.о.";"13";NA;"А";NA
"71";"113";"12-13-я линии в.о.";"13";NA;"А";NA
"72";"114";"набережная лейтенанта шмидта";"1/15";NA;NA;NA
"73";"115";"большой проспект в.о.";"65";NA;NA;NA
"74";"116";"большой проспект в.о.";"65";NA;NA;NA
"75";"117";"большой проспект в.о.";"65";NA;NA;NA
"76";"118";"средний проспект в.о.";"80";NA;NA;NA
"77";"119";"2-3-я линии в.о.";"43";NA;NA;NA
"78";"120";"2-3-я линии в.о.";"43";NA;NA;NA
"79";"121";"7-я линия в.о.";"52";NA;NA;NA
"80";"122";"7-я линия в.о.";"66";NA;NA;NA
"81";"123";"7-я линия в.о.";"66";NA;NA;NA
"82";"124";"7-я линия в.о.";"66";NA;NA;NA
"83";"125";"малый проспект. в.о.";"34";NA;NA;NA
"84";"126";"малый проспект. в.о.";"34";NA;NA;NA
"85";"127";"17-я линия в.о.";"34";NA;NA;NA
"86";"128";"16-я линия в.о.";"55";NA;NA;NA
"87";"129";"малый проспект. в.о.";"34";NA;NA;NA
"88";"130";"14-я линия в.о.";"77";NA;NA;NA
"89";"131";"улица нахимова";"8";"3";NA;NA
"90";"132";"улица канареечная";"11";NA;NA;NA
"91";"133";"улица гаванская";"3";NA;NA;NA
"92";"134";"улица шевченко";"3";NA;"А";NA
"93";"135";"улица опочинина";"10";NA;NA;NA
"94";"136";"улица опочинина";"10";NA;NA;NA
"95";"137";"улица опочинина";"35";NA;NA;NA
"96";"138";"шкиперский проток";"5";NA;NA;NA
"97";"139";"улица шевченко";"26";NA;NA;NA
"98";"140";"улица шевченко";"26";NA;NA;NA
"99";"141";"улица шевченко";"36";NA;"А";NA
"100";"142";"улица шевченко";"36";NA;"А";NA
"101";"143";"улица гаванская";"54";NA;NA;NA
"102";"144";"улица гаванская";"54";NA;NA;NA
"103";"145";"морская набережная";"15";"2";NA;NA
"104";"146";"улица нахимова";"8";"2";NA;NA
"105";"147";"улица беринга";"38";NA;NA;NA
"106";"148";"улица кораблестроителей";"21";"3";NA;NA
"107";"149";"улица наличная";"32";"2";NA;NA
"108";"150";"улица кораблестроителей";"21";"3";NA;NA
"109";"151";"улица наличная";"32";"2";NA;NA
"110";"152";"улица наличная";"32";"2";NA;NA
"111";"153";"улица кораблестроителей";"21";"3";NA;NA
"112";"154";"морская набережная";"15";"2";NA;NA
"113";"155";"улица кораблестроителей";"20";"3";NA;NA
"114";"156";"улица кораблестроителей";"18";NA;NA;NA
"115";"157";"морская набережная";"15";"3";NA;NA
"116";"158";"улица наличная";"46";"1";NA;NA
"117";"159";"улица наличная";"44";"4";NA;NA
"118";"160";"улица наличная";"44";"4";NA;NA
"119";"161";"улица наличная";"44";"4";NA;NA
"120";"162";"улица наличная";"44";"5";NA;NA
"121";"163";"улица наличная";"44";"5";NA;NA
"122";"164";"улица наличная";"44";"5";NA;NA
"123";"165";"улица кораблестроителей";"37";"5";NA;NA
"124";"166";"улица кораблестроителей";"37";"5";NA;NA
"125";"167";"улица кораблестроителей";"38";"2";NA;NA
"126";"168";"улица кораблестроителей";"38";"2";NA;NA
"127";"169";"улица кораблестроителей";"38";"2";NA;NA
"128";"170";"улица кораблестроителей";"38";"2";NA;NA
"129";"171";"улица кораблестроителей";"38";"2";NA;NA
"130";"172";"улица кораблестроителей";"42";"2";NA;NA
"131";"173";"улица кораблестроителей";"42";"2";NA;NA
"132";"174";"улица кораблестроителей";"42";"2";NA;NA
"133";"175";"проспект кима";"11";NA;NA;NA
"134";"176";"переулок каховского";"9";NA;NA;NA
"135";"177";"переулок каховского";"2";NA;NA;NA
"136";"178";"переулок каховского";"2";NA;NA;NA
"137";"179";"проспект кима";"11";NA;"Б";NA
"138";"199";"улица руднева";"23";NA;"А";NA
"139";"200";"улица руднева";"23";NA;"А";NA
"140";"201";"сиреневый бульвар";"18";"2";"А";NA
"141";"202";"сиреневый бульвар";"18";"2";"А";NA
"142";"203";"сиреневый бульвар";"8";"2";NA;NA
"143";"204";"сиреневый бульвар";"18";"2";"А";NA
"144";"205";"улица кустодиева";"18";"2";"А";NA
"145";"206";"улица кустодиева";"18";"2";"А";NA
"146";"207";"улица кустодиева";"18";"2";"А";NA
"147";"208";"сиреневый бульвар";"18";"2";"А";NA
"148";"209";"улица руднева";"23";NA;"А";NA
"149";"210";"улица руднева";"23";NA;"А";NA
"150";"211";"улица руднева";"5";"3";"А";NA
"151";"212";"проспект художников";"29";"3";"А";NA
"152";"213";"проспект художников";"29";"3";"А";NA
"153";"214";"проспект художников";"29";"3";"А";NA
"154";"215";"поэтический бульвар";"15";"2";"А";NA
"155";"216";"поэтический бульвар";"15";"2";"А";NA
"156";"217";"поэтический бульвар";"15";"2";"А";NA
"157";"218";"улица руднева";"5";"3";"А";NA
"158";"219";"улица руднева";"5";"3";"А";NA
"159";"220";"улица руднева";"5";"3";"А";NA
"160";"221";"улица есенина";"34";"2";"А";NA
"161";"222";"улица есенина";"36";"2";"А";NA
"162";"223";"улица есенина";"34";"2";"А";NA
"163";"224";"улица есенина";"34";"2";"А";NA
"164";"225";"улица есенина";"34";"2";"А";NA
"165";"226";"улица есенина";"36";"2";"А";NA
"166";"227";"сиреневый бульвар";"8";"2";"А";NA
"167";"228";"сиреневый бульвар";"8";"2";"А";NA
"168";"229";"проспект просвещения";"46";"4";"А";NA
"169";"230";"проспект просвещения";"46";"4";"А";NA
"170";"231";"проспект просвещения";"46";"4";"А";NA
"171";"232";"проспект художников";"24";"2";"А";NA
"172";"233";"проспект художников";"24";"2";"А";NA
"173";"234";"проспект художников";"24";"2";"А";NA
"174";"235";"поэтический бульвар";"3";"2";"А";NA
"175";"236";"поэтический бульвар";"3";"2";"А";NA
"176";"237";"поэтический бульвар";"5";"3";"А";NA
"177";"238";"поэтический бульвар";"5";"3";"А";NA
"178";"239";"поэтический бульвар";"5";"3";"А";NA
"179";"240";"улица есенина";"24";NA;"А";NA
"180";"241";"улица есенина";"24";NA;"А";NA
"181";"242";"улица есенина";"24";NA;"А";NA
"182";"243";"улица есенина";"22";"3";"А";NA
"183";"244";"улица есенина";"22";"3";"А";NA
"184";"252";"выборгское шоссе";"7";"2";"А";NA
"185";"253";"выборгское шоссе";"7";"2";"А";NA
"186";"254";"выборгское шоссе";"7";"2";"А";NA
"187";"255";"улица асафьева";"7";"2";"А";NA
"188";"256";"улица асафьева";"7";"2";"А";NA
"189";"257";"улица асафьева";"7";"2";"А";NA
"190";"258";"улица асафьева";"6";"1";"А";NA
"191";"259";"улица асафьева";"6";"1";"А";NA
"192";"260";"улица асафьева";"7";"2";"А";NA
"193";"261";"улица асафьева";"7";"2";"А";NA
"194";"262";"улица асафьева";"6";"1";"А";NA
"195";"263";"улица асафьева";"6";"1";"А";NA
"196";"264";"улица композиторов";"11";"2";"А";NA
"197";"265";"улица композиторов";"11";"2";"А";NA
"198";"266";"улица композиторов";"11";"2";"А";NA
"199";"267";"улица композиторов";"11";"2";"А";NA
"200";"268";"улица симонова";"8";"1";"А";NA
"201";"269";"проспект просвещения";"32";"4";"А";NA
"202";"270";"проспект просвещения";"32";"4";"А";NA
"203";"271";"улица шостаковича";"3";"2";"А";NA
"204";"272";"улица шостаковича";"3";"2";"А";NA
"205";"273";"проспект просвещения";"32";"4";"А";NA
"206";"274";"улица симонова";"8";"1";"А";NA
"207";"275";"улица симонова";"8";"1";"А";NA
"208";"276";"улица симонова";"8";"2";"А";NA
"209";"277";"улица симонова";"8";"1";"А";NA
"210";"278";"улица симонова";"8";"2";"А";NA
"211";"279";"улица композиторов";"22";"2";"А";NA
"212";"280";"улица композиторов";"22";"2";"А";NA
"213";"281";"улица композиторов";"22";"2";"А";NA
"214";"282";"улица композиторов";"22";"2";"А";NA
"215";"283";"улица композиторов";"22";"2";"А";NA
"216";"284";"улица жени егоровой";"10";"2";"А";NA
"217";"285";"улица жени егоровой";"10";"2";"А";NA
"218";"286";"улица жени егоровой";"10";"2";"А";NA
"219";"287";"улица жени егоровой";"10";"2";"А";NA
"220";"288";"улица поклонногорская";"17/2";NA;"А";NA
"221";"290";"первомайская улица";"37";NA;"А";"Левашово"
"222";"291";"улица кооперативная";"27";NA;"А";"Парголово"
"223";"292";"выборгское шоссе";"369";"3";"А";NA
"224";"293";"улица торфяная";"25";NA;"А";"Парголово"
"225";"294";"улица первого мая";"109";NA;NA;"Парголово"
"226";"295";"улица шишкина";"30";NA;NA;"Парголово"
"227";"296";"школьный переулок";"1";NA;"А";"Парголово"
"228";"297";"юкковское шоссе";"6";"1";"А";"Парголово"
"229";"298";"юкковское шоссе";"6";"2";"А";"Парголово"
"230";"299";"юкковское шоссе";"6";"1";"А";"Парголово"
"231";"300";"юкковское шоссе";"6";"2";"А";"Парголово"
"232";"301";"юкковское шоссе";"6";"2";"А";"Парголово"
"233";"302";"улица михаила дудина";"25";"3";"А";"Парголово"
"234";"303";"улица михаила дудина";"25";"3";"А";"Парголово"
"235";"304";"улица михаила дудина";"25";"3";"А";"Парголово"
"236";"305";"улица михаила дудина";"25";"3";"А";"Парголово"
"237";"330";"улица комиссара смирнова";"17";NA;"А";NA
"238";"331";"выборгская улица";"3";NA;"А";NA
"239";"332";"выборгская улица";"3";NA;"А";NA
"240";"333";"улица смолячкова";"13";NA;NA;NA
"241";"334";"тобольская улица";"12";NA;"А";NA
"242";"335";"большой сампсониевский проспект";"86";NA;NA;NA
"243";"336";"улица александра матросова";"11";NA;"А";NA
"244";"337";"улица александра матросова";"11";NA;"А";NA
"245";"338";"улица харченко";"27";NA;"А";NA
"246";"339";"улица харченко";"27";NA;"А";NA
"247";"340";"улица харченко";"27";NA;"А";NA
"248";"341";"улица харченко";"27";NA;"А";NA
"249";"342";"большой сампсониевский проспект";"86";NA;NA;NA
"250";"344";"болотная улица";"18";NA;"А";NA
"251";"345";"болотная улица";"6";NA;"А";NA
"252";"346";"болотная улица";"18";NA;"А";NA
"253";"347";"проспект раевского";"18";NA;"А";NA
"254";"348";"проспект раевского";"18";NA;"А";NA
"255";"349";"проспект тореза";"37";"1";"А";NA
"256";"350";"проспект тореза";"37";"1";"А";NA
"257";"351";"проспект пархоменко";"17";NA;"А";NA
"258";"352";"проспект пархоменко";"17";NA;"А";NA
"259";"353";"проспект пархоменко";"17";NA;"А";NA
"260";"354";"проспект энгельса";"23";NA;NA;NA
"261";"355";"институтский переулок";"5";NA;NA;NA
"262";"356";"проспект пархоменко";"24/9";NA;NA;NA
"263";"357";"2-й муринский проспект";"43";NA;NA;NA
"264";"358";"новороссийская улица";"48";NA;NA;NA
"265";"359";"проспект энгельса";"23";NA;NA;NA
"266";"360";"улица орбели";"24";NA;"А";NA
"267";"361";"светлановский проспект";"31";NA;"А";NA
"268";"362";"светлановский проспект";"31";NA;"А";NA
"269";"363";"улица орбели";"24";NA;"А";NA
"270";"364";"улица дрезденская";"19";NA;"А";NA
"271";"365";"улица дрезденская";"19";NA;"А";NA
"272";"366";"улица гданьская";"19";"2";NA;NA
"273";"367";"улица дрезденская";"19";NA;"А";NA
"274";"368";"проспект тореза";"94";"1";"А";NA
"275";"369";"проспект энгельса";"42";NA;NA;NA
"276";"370";"проспект энгельса";"42";NA;NA;NA
"277";"371";"ярославский проспект";"20";NA;"А";NA
"278";"372";"костромской проспект";"46";NA;NA;NA
"279";"373";"проспект тореза";"94";"1";"А";NA
"280";"374";"проспект тореза";"94";"1";"А";NA
"281";"375";"поклонногорская улица";"17/2";NA;"А";NA
"282";"378";"улица сикейроса";"17";"1";"А";NA
"283";"379";"улица сикейроса";"19";"1";"А";NA
"284";"380";"улица сикейроса";"17";"1";"А";NA
"285";"381";"проспект художников";"9";"3";"А";NA
"286";"382";"улица сикейроса";"19";"1";"А";NA
"287";"383";"улица сикейроса";"5";"2";"А";NA
"288";"384";"улица сикейроса";"5";"2";"А";NA
"289";"385";"улица сантьяго-де-куба";"4";"2";"А";NA
"290";"386";"улица сантьяго-де-куба";"4";"2";"А";NA
"291";"387";"проспект художников";"9";"3";"А";NA
"292";"388";"проспект художников";"9";"3";"А";NA
"293";"389";"проспект художников";"9";"3";"А";NA
"294";"390";"улица сикейроса";"5";"2";"А";NA
"295";"391";"улица сикейроса";"5";"2";"А";NA
"296";"392";"проспект энгельса";"115";"2";"А";NA
"297";"393";"проспект энгельса";"115";"2";"А";NA
"298";"394";"улица сикейроса";"17";"1";"А";NA
"299";"395";"проспект энгельса";"115";"2";"А";NA
"300";"396";"учебный переулок";"2";NA;NA;NA
"301";"397";"проспект энгельса";"115";"2";"А";NA
"302";"398";"учебный переулок";"8";"2";"А";NA
"303";"399";"учебный переулок";"8";"2";"А";NA
"304";"400";"учебный переулок";"8";"2";"А";NA
"305";"401";"учебный переулок";"8";"2";"А";NA
"306";"414";"проспект непокорённых";"12/2";NA;NA;NA
"307";"415";"проспект науки";"13";"4";NA;NA
"308";"416";"проспект науки";"13";"4";NA;NA
"309";"417";"проспект науки";"13";"4";NA;NA
"310";"418";"улица вавиловых";"8";"2";NA;NA
"311";"419";"улица академика константинова";"10";"2";NA;NA
"312";"420";"улица академика константинова";"10";"2";NA;NA
"313";"421";"проспект науки";"13";"4";NA;NA
"314";"422";"светлановский проспект";"38";"2";NA;NA
"315";"423";"светлановский проспект";"38";"2";NA;NA
"316";"424";"светлановский проспект";"40";"3";NA;NA
"317";"425";"улица академика байкова";"15";NA;"А";NA
"318";"426";"светлановский проспект";"40";"3";NA;NA
"319";"427";"светлановский проспект";"38";"2";NA;NA
"320";"428";"улица академика константинова";"10";"2";NA;NA
"321";"429";"улица вавиловых";"8";"2";NA;NA
"322";"430";"гражданский проспект";"88";"2";NA;NA
"323";"431";"улица вавиловых";"5";"5";NA;NA
"324";"432";"улица вавиловых";"5";"5";NA;NA
"325";"433";"улица вавиловых";"5";"5";NA;NA
"326";"434";"гражданский проспект";"92";"3";NA;NA
"327";"435";"гражданский проспект";"92";"3";NA;NA
"328";"436";"гражданский проспект";"92";"3";NA;NA
"329";"437";"гражданский проспект";"92";"3";NA;NA
"330";"438";"улица софьи ковалевской";"8";"3";NA;NA
"331";"439";"улица софьи ковалевской";"16";"6";NA;NA
"332";"440";"улица софьи ковалевской";"16";"6";NA;NA
"333";"441";"проспект науки";"16";"2";NA;NA
"334";"442";"проспект науки";"16";"2";NA;NA
"335";"443";"улица софьи ковалевской";"8";"3";NA;NA
"336";"444";"улица черкасова";"8";"2";NA;NA
"337";"445";"улица черкасова";"8";"2";NA;NA
"338";"446";"улица черкасова";"8";"2";NA;NA
"339";"447";"улица черкасова";"4";"2";NA;NA
"340";"448";"улица черкасова";"4";"2";NA;NA
"341";"449";"улица черкасова";"4";"2";NA;NA
"342";"450";"улица черкасова";"7";"2";NA;NA
"343";"451";"улица черкасова";"7";"2";NA;NA
"344";"452";"улица черкасова";"15";NA;NA;NA
"345";"453";"улица черкасова";"15";NA;NA;NA
"346";"454";"проспект просвещения";"106";"2";NA;NA
"347";"455";"проспект просвещения";"106";"2";NA;NA
"348";"456";"улица ушинского";"33";"2";NA;NA
"349";"457";"улица ушинского";"33";"2";NA;NA
"350";"458";"улица ушинского";"35";"2";NA;NA
"351";"459";"улица ушинского";"35";"2";NA;NA
"352";"460";"улица ушинского";"33";"2";NA;NA
"353";"461";"проспект просвещения";"106";"2";NA;NA
"354";"462";"улица черкасова";"8";"2";NA;NA
"355";"463";"улица ушинского";"13";NA;NA;NA
"356";"464";"улица ушинского";"13";NA;NA;NA
"357";"465";"улица ушинского";"13";NA;NA;NA
"358";"466";"улица ушинского";"21";NA;NA;NA
"359";"467";"улица ушинского";"21";NA;NA;NA
"360";"468";"улица ушинского";"21";NA;NA;NA
"361";"469";"проспект культуры";"27";"3";NA;NA
"362";"470";"улица демьяна бедного";"22";"5";NA;NA
"363";"471";"улица демьяна бедного";"22";"5";NA;NA
"364";"472";"проспект культуры";"27";"3";NA;NA
"365";"473";"проспект культуры";"27";"3";NA;NA
"366";"474";"проспект культуры";"27";"3";NA;NA
"367";"475";"улица демьяна бедного";"22";"5";NA;NA
"368";"476";"улица демьяна бедного";"12";"2";NA;NA
"369";"477";"улица демьяна бедного";"6";"2";NA;NA
"370";"478";"проспект культуры";"11";"4";NA;NA
"371";"479";"проспект культуры";"11";"4";NA;NA
"372";"480";"улица демьяна бедного";"12";"2";NA;NA
"373";"481";"улица демьяна бедного";"6";"2";NA;NA
"374";"482";"проспект культуры";"11";"4";NA;NA
"375";"483";"улица демьяна бедного";"12";"2";NA;NA
"376";"484";"улица брянцева";"24";NA;"А";NA
"377";"485";"улица брянцева";"24";NA;"А";NA
"378";"486";"улица брянцева";"24";NA;"А";NA
"379";"487";"суздальский проспект";"93";"2";NA;NA
"380";"488";"суздальский проспект";"93";"2";NA;NA
"381";"489";"улица ушинского";"16";NA;NA;NA
"382";"490";"улица тимуровская";"8";"2";NA;NA
"383";"491";"улица тимуровская";"8";"2";NA;NA
"384";"492";"улица тимуровская";"8";"2";NA;NA
"385";"493";"улица ольги форш";"17";"2";NA;NA
"386";"494";"улица ольги форш";"17";"2";NA;NA
"387";"495";"улица ольги форш";"17";"2";NA;NA
"388";"496";"улица учительская";"9";"3";NA;NA
"389";"497";"улица учительская";"3";NA;NA;NA
"390";"498";"улица учительская";"1";NA;NA;NA
"391";"499";"улица ольги форш";"9";"1";NA;NA
"392";"500";"улица ольги форш";"9";"1";NA;NA
"393";"501";"улица ольги форш";"9";"1";NA;NA
"394";"502";"улица ушинского";"10";"2";"А";NA
"395";"503";"улица ушинского";"10";"2";"А";NA
"396";"504";"улица брянцева";"10";NA;NA;NA
"397";"505";"улица брянцева";"10";NA;NA;NA
"398";"506";"улица брянцева";"10";NA;NA;NA
"399";"549";"улица софьи ковалевской";"13";"6";NA;NA
"400";"550";"улица карпинского";"38";"8";NA;NA
"401";"551";"улица карпинского";"38";"8";NA;NA
"402";"552";"улица карпинского";"38";"8";NA;NA
"403";"553";"улица софьи ковалевской";"13";"6";NA;NA
"404";"554";"проспект науки";"30";"3";NA;NA
"405";"555";"улица верности";"28";"4";NA;NA
"406";"556";"улица верности";"28";"4";NA;NA
"407";"557";"проспект науки";"24";"3";NA;NA
"408";"558";"проспект науки";"30";"3";NA;NA
"409";"559";"проспект науки";"38";NA;NA;NA
"410";"560";"гражданский проспект";"31";"5";NA;NA
"411";"561";"гражданский проспект";"31";"5";NA;NA
"412";"562";"улица верности";"14";"4";NA;NA
"413";"563";"улица верности";"14";"4";NA;NA
"414";"564";"проспект науки";"24";"3";NA;NA
"415";"565";"средняя подьяческая улица";"1";NA;NA;NA
"416";"566";"улица фаворского";"16";NA;NA;NA
"417";"567";"улица бутлерова";"22";"1";NA;NA
"418";"568";"улица бутлерова";"22";"1";NA;NA
"419";"569";"улица фаворского";"16";NA;NA;NA
"420";"512";"арсенальная набережная";"13/1";NA;NA;NA
"421";"513";"арсенальная набережная";"13/1";NA;NA;NA
"422";"514";"финский переулок";"7";NA;NA;NA
"423";"515";"кондратьевский проспект";"46";NA;NA;NA
"424";"516";"улица лабораторная";"15";NA;NA;NA
"425";"517";"улица замшина";"14";NA;NA;NA
"426";"518";"улица федосеенко";"28";NA;NA;NA
"427";"519";"кондратьевский проспект";"51";NA;NA;NA
"428";"520";"улица федосеенко";"28";NA;NA;NA
"429";"521";"полюстровский проспект";"33";"3";NA;NA
"430";"522";"пискарёвский проспект";"14";NA;NA;NA
"431";"523";"пискарёвский проспект";"14";NA;NA;NA
"432";"524";"антоновская улица";"16";NA;NA;NA
"433";"525";"улица замшина";"17";NA;NA;NA
"434";"526";"антоновская улица";"16";NA;NA;NA
"435";"527";"улица замшина";"58";"2";NA;NA
"436";"528";"улица герасимовская";"5";NA;NA;NA
"437";"529";"улица замшина";"58";"2";NA;NA
"438";"530";"улица замшина";"31";"2";NA;NA
"439";"531";"улица замшина";"31";"2";NA;NA
"440";"532";"улица руставели";"26";NA;NA;NA
"441";"533";"меншиковский проспект";"15";"3";NA;NA
"442";"534";"меншиковский проспект";"15";"3";NA;NA
"443";"535";"меншиковский проспект";"15";"3";NA;NA
"444";"536";"улица верности";"38";"4";NA;NA
"445";"537";"улица верности";"38";"4";NA;NA
"446";"538";"улица руставели";"26";NA;NA;NA
"447";"539";"улица руставели";"26";NA;NA;NA
"448";"540";"проспект мечникова";"16";NA;NA;NA
"449";"541";"проспект мечникова";"16";NA;NA;NA
"450";"542";"проспект мечникова";"2";NA;NA;NA
"451";"543";"проспект мечникова";"5";NA;NA;NA
"452";"544";"улица брюсовская";"10";NA;NA;NA
"453";"545";"улица брюсовская";"10";NA;NA;NA
"454";"546";"меньшиковский проспект";"2";NA;NA;NA
"455";"547";"проспект мечникова";"16";NA;NA;NA
"456";"548";"проспект маршала блюхера";"14";NA;NA;NA
"457";"576";"улица ивана черных";"11";NA;"А";NA
"458";"577";"улица балтийская";"35";NA;NA;NA
"459";"578";"улица балтийская";"35";NA;NA;NA
"460";"579";"улица маршала говорова";"34";NA;NA;NA
"461";"580";"огородный переулок";"9";NA;"А";NA
"462";"581";"огородный переулок";"9";NA;"А";NA
"463";"582";"проспект стачек";"5";NA;"А";NA
"464";"583";"улица промышленная";"18/2";NA;"А";NA
"465";"584";"улица зои космодемьянской";"4";NA;"А";NA
"466";"585";"улица зои космодемьянской";"4";NA;"А";NA
"467";"586";"улица промышленная";"18/2";NA;"А";NA
"468";"587";"улица турбинная";"50";NA;"А";NA
"469";"588";"межевой канал";"6";NA;NA;NA
"470";"589";"межевой канал";"6";NA;NA;NA
"471";"590";"ЗСД";"32";NA;NA;NA
"472";"591";"ЗСД";"32";NA;NA;NA
"473";"592";"улица кронштадтская";"7";NA;"А";NA
"474";"593";"улица кронштадтская";"7";NA;"А";NA
"475";"594";"улица краснопутиловская";"22";NA;"А";NA
"476";"595";"улица маринеско";"7";NA;"А";NA
"477";"596";"улица маринеско";"7";NA;"А";NA
"478";"597";"улица маршала говорова";"9";NA;NA;NA
"479";"598";"улица краснопутиловская";"2";NA;NA;NA
"480";"599";"улица зайцева";"14";NA;"А";NA
"481";"600";"улица кронштадтская";"5";NA;NA;NA
"482";"601";"улица зайцева";"14";NA;"А";NA
"483";"602";"улица маршала говорова";"18";NA;NA;NA
"484";"603";"улица маршала говорова";"9";NA;NA;NA
"485";"604";"улица новостроек";"26";NA;"А";NA
"486";"605";"улица краснопутиловская";"22";NA;NA;NA
"487";"606";"улица зайцева";"28";NA;NA;NA
"488";"607";"улица примакова";"10";NA;NA;NA
"489";"608";"улица автовская";"5";NA;NA;NA
"490";"609";"улица автовская";"5";NA;NA;NA
"491";"610";"улица автовская";"5";NA;NA;NA
"492";"611";"ленинский проспект";"124";"2";NA;NA
"493";"612";"ленинский проспект";"124";"2";NA;NA
"494";"613";"ленинский проспект";"124";"2";NA;NA
"495";"614";"трамвайный проспект";"22";NA;"А";NA
"496";"615";"трамвайный проспект";"22";NA;"А";NA
"497";"616";"ленинский проспект";"133";"4";"А";NA
"498";"617";"ленинский проспект";"123";"4";"А";NA
"499";"618";"ленинский проспект";"123";"4";"А";NA
"500";"619";"бульвар новаторов";"40";NA;"А";NA
"501";"620";"бульвар новаторов";"40";NA;"А";NA
"502";"621";"бульвар новаторов";"40";NA;"А";NA
"503";"622";"бульвар новаторов";"43";NA;NA;NA
"504";"623";"бульвар новаторов";"43";NA;NA;NA
"505";"624";"улица подводника кузьмина";"52";NA;"А";NA
"506";"625";"улица подводника кузьмина";"52";NA;"А";NA
"507";"626";"проспект народного ополчения";"103";NA;NA;NA
"508";"627";"проспект народного ополчения";"103";NA;NA;NA
"509";"628";"проспект ветеранов";"14";NA;"А";NA
"510";"629";"проспект ветеранов";"14";NA;"А";NA
"511";"630";"проспект ветеранов";"14";NA;"А";NA
"512";"631";"дачный проспект";"34";"2";"А";NA
"513";"632";"дачный проспект";"34";"2";"А";NA
"514";"633";"улица морской пехоты";"8";"3";"А";NA
"515";"634";"улица морской пехоты";"8";"3";"А";NA
"516";"635";"улица маршала казакова";"3";"2";"А";NA
"517";"636";"улица маршала казакова";"3";"2";"А";NA
"518";"637";"проспект стачек";"103";"2";"А";NA
"519";"638";"проспект стачек";"103";"2";"А";NA
"520";"639";"проспект стачек";"103";"2";"А";NA
"521";"640";"проспект стачек";"103";"2";"А";NA
"522";"641";"ленинский проспект";"110";"3";NA;NA
"523";"642";"проспект стачек";"107";"4";"А";NA
"524";"643";"ленинский проспект";"110";"3";NA;NA
"525";"644";"проспект стачек";"107";"4";"А";NA
"526";"757";"проспект ветеранов";"87";"2";"А";NA
"527";"758";"проспект ветеранов";"87";"2";"А";NA
"528";"759";"улица козлова";"37";"1";"А";NA
"529";"760";"улица козлова";"37";"1";"А";NA
"530";"761";"улица козлова";"47";"1";"А";NA
"531";"762";"улица козлова";"47";"1";"А";NA
"532";"763";"улица солдата корзуна";"15";"2";"А";NA
"533";"764";"улица солдата корзуна";"15";"2";"А";NA
"534";"765";"проспект ветеранов";"80";NA;"А";NA
"535";"766";"проспект ветеранов";"80";NA;"А";NA
"536";"767";"проспект ветеранов";"80";NA;"А";NA
"537";"768";"улица стойкости";"17";"2";NA;NA
"538";"769";"улица стойкости";"17";"2";NA;NA
"539";"770";"улица солдата корзуна";"15";"2";"А";NA
"540";"771";"проспект ветеранов";"87";"2";"А";NA
"541";"772";"улица бурцева";"12";NA;"А";NA
"542";"773";"улица бурцева";"12";NA;"А";NA
"543";"774";"улица бурцева";"12";NA;"А";NA
"544";"775";"улица бурцева";"9";NA;"А";NA
"545";"776";"улица бурцева";"9";NA;"А";NA
"546";"777";"проспект ветеранов";"114";"2";"А";NA
"547";"778";"проспект ветеранов";"114";"2";"А";NA
"548";"779";"проспект ветеранов";"114";"2";"А";NA
"549";"780";"улица стойкости";"30";"2";NA;NA
"550";"781";"улица стойкости";"33";NA;"А";NA
"551";"782";"улица стойкости";"30";"2";NA;NA
"552";"783";"улица стойкости";"33";NA;"А";NA
"553";"784";"улица стойкости";"28";"2";NA;NA
"554";"785";"улица стойкости";"17";"2";NA;NA
"555";"786";"проспект ветеранов";"114";"2";"А";NA
"556";"787";"улица зины портновой";"15";NA;"А";NA
"557";"788";"улица зины портновой";"15";NA;"А";NA
"558";"789";"проспект стачек";"158";NA;NA;NA
"559";"790";"улица зины портновой";"25";"2";NA;NA
"560";"791";"улица зины портновой";"25";"2";NA;NA
"561";"792";"улица зины портновой";"25";"2";NA;NA
"562";"793";"улица зины портновой";"25";"2";NA;NA
"563";"794";"проспект ветеранов";"39";NA;"А";NA
"564";"795";"дачный проспект";"3";"2";NA;NA
"565";"796";"дачный проспект";"3";"2";NA;NA
"566";"797";"проспект стачек";"206";NA;NA;NA
"567";"798";"проспект стачек";"206";NA;NA;NA
"568";"799";"проспект ветеранов";"39";NA;"А";NA
"569";"800";"проспект ветеранов";"39";NA;"А";NA
"570";"801";"улица зины портновой";"21";"4";NA;NA
"571";"802";"бульвар новаторов";"104";NA;"А";NA
"572";"803";"бульвар новаторов";"104";NA;"А";NA
"573";"804";"проспект народного ополчения";"135";NA;"А";NA
"574";"805";"проспект народного ополчения";"135";NA;"А";NA
"575";"806";"проспект народного ополчения";"135";NA;"А";NA
"576";"807";"улица танкиста хрустицкого";"31";NA;"А";NA
"577";"808";"улица лёни голикова";"78";NA;"А";NA
"578";"809";"улица лёни голикова";"78";NA;"А";NA
"579";"810";"проспект ветеранов";"39";NA;"А";NA
"580";"811";"проспект ветеранов";"57";NA;"А";NA
"581";"812";"улица лёни голикова";"15";"2";"А";NA
"582";"813";"улица лёни голикова";"15";"2";"А";NA
"583";"814";"улица лёни голикова";"15";"2";"А";NA
"584";"826";"улица труда";"1";NA;NA;"Колпино"
"585";"827";"улица труда";"1";NA;NA;"Колпино"
"586";"828";"тверская улица";"18";NA;NA;"Колпино"
"587";"829";"тверская улица";"13";NA;NA;"Колпино"
"588";"830";"тверская улица";"18";NA;NA;"Колпино"
"589";"831";"тверская улица";"23";NA;NA;"Колпино"
"590";"832";"октябрьская улица";"71";"2";NA;"Колпино"
"591";"833";"октябрьская улица";"71";"2";NA;"Колпино"
"592";"834";"тверская улица";"54";"2";NA;"Колпино"
"593";"835";"октябрьская улица";"71";"2";NA;"Колпино"
"594";"836";"тверская улица";"54";"2";NA;"Колпино"
"595";"837";"тверская улица";"54";"2";NA;"Колпино"
"596";"838";"тверская улица";"62";NA;NA;"Колпино"
"597";"839";"тверская улица";"62";NA;NA;"Колпино"
"598";"840";"анисимова улица";"4";NA;NA;"Колпино"
"599";"841";"тверская улица";"62";NA;NA;"Колпино"
"600";"842";"советский бульвар";"29";NA;NA;"Колпино"
"601";"843";"советский бульвар";"29";NA;NA;"Колпино"
"602";"844";"улица вавилова";"9";NA;NA;"Колпино"
"603";"845";"улица вавилова";"9";NA;NA;"Колпино"
"604";"846";"павловская улица";"21";NA;NA;"Колпино"
"605";"847";"ленина проспект";"31";NA;NA;"Колпино"
"606";"848";"ленина проспект";"31";NA;NA;"Колпино"
"607";"849";"павловская улица";"21";NA;NA;"Колпино"
"608";"850";"павловская улица";"82";NA;NA;"Колпино"
"609";"851";"танкистов улица";"26";NA;NA;"Колпино"
"610";"852";"танкистов улица";"26";NA;NA;"Колпино"
"611";"853";"павловская улица";"80";NA;NA;"Колпино"
"612";"854";"павловская улица";"80";NA;NA;"Колпино"
"613";"855";"братьев радченко";"21";NA;NA;"Колпино"
"614";"856";"бульвар трудящихся";"10";NA;"А";"Колпино"
"615";"857";"бульвар трудящихся";"10";NA;"А";"Колпино"
"616";"858";"бульвар трудящихся";"10";NA;"А";"Колпино"
"617";"859";"бульвар трудящихся";"9";NA;NA;"Колпино"
"618";"860";"бульвар трудящихся";"9";NA;NA;"Колпино"
"619";"861";"заводской проспект";"10";NA;NA;"Колпино"
"620";"862";"заводской проспект";"18";"2";NA;"Колпино"
"621";"863";"заводской проспект";"18";"2";NA;"Колпино"
"622";"864";"заводской проспект";"18";"2";NA;"Колпино"
"623";"865";"машиностроителей улица";"7";NA;NA;"Колпино"
"624";"866";"машиностроителей улица";"7";NA;NA;"Колпино"
"625";"867";"машиностроителей улица";"7";NA;NA;"Колпино"
"626";"868";"бульвар трудящихся";"29/52";NA;NA;"Колпино"
"627";"869";"раумская улица";"9";NA;NA;"Колпино"
"628";"870";"раумская улица";"9";NA;NA;"Колпино"
"629";"871";"бульвар трудящихся";"29/52";NA;NA;"Колпино"
"630";"872";"бульвар трудящихся";"29/52";NA;NA;"Колпино"
"631";"873";"заводской проспект";"50";NA;NA;"Колпино"
"632";"874";"заводской проспект";"50";NA;NA;"Колпино"
"633";"875";"загородная улица";"41";NA;NA;"Колпино"
"634";"876";"дорожная улица";"11";NA;NA;"Сапёрный"
"635";"877";"южная улица";"13";NA;NA;"Понтонный"
"636";"878";"южная улица";"31";NA;NA;"Понтонный"
"637";"879";"александра товпеко улица";"14";NA;NA;"Понтонный"
"638";"880";"фанерная улица";"5";NA;NA;"Понтонный"
"639";"881";"шлиссельбургское шоссе";"219";NA;NA;"Усть-Ижора"
"640";"882";"улица плановая";"14";NA;NA;"Металлострой"
"641";"883";"пушкинская улица";"8";NA;"А";"Металлострой"
"642";"884";"пушкинская улица";"8";NA;"А";"Металлострой"
"643";"885";"улица центральная";"12";NA;NA;"Металлострой"
"644";"886";"улица центральная";"12";NA;NA;"Металлострой"
"645";"887";"улица полевая";"10";NA;NA;"Металлострой"
"646";"888";"улица полевая";"10";NA;NA;"Металлострой"
"647";"889";"улица полевая";"10";NA;NA;"Металлострой"
"648";"890";"улица полевая";"10";NA;NA;"Металлострой"
"649";"891";"школьная улица";"8";NA;NA;"Металлострой"
"650";"892";"труда улица";"1";NA;NA;"Петро-Славянка"
"651";"901";"пискарёвский проспект";"144";NA;NA;NA
"652";"902";"пискарёвский проспект";"145";NA;NA;NA
"653";"903";"проспект маршала блюхера";"44";"2";NA;NA
"654";"904";"проспект маршала блюхера";"44";"2";NA;NA
"655";"905";"проспект маршала блюхера";"44";"2";NA;NA
"656";"906";"улица маршала тухачевского";"29";NA;NA;NA
"657";"907";"улица маршала тухачевского";"29";NA;NA;NA
"658";"908";"улица маршала тухачевского";"29";NA;NA;NA
"659";"909";"улица маршала тухачевского";"29";NA;NA;NA
"660";"910";"улица стасовой";"4";"2";NA;NA
"661";"911";"улица стасовой";"4";"2";NA;NA
"662";"912";"улица стасовой";"4";"2";NA;NA
"663";"913";"улица маршала тухачевского";"17";NA;NA;NA
"664";"914";"улица маршала тухачевского";"17";NA;NA;NA
"665";"915";"улица маршала тухачевского";"17";NA;NA;NA
"666";"916";"улица маршала тухачевского";"17";NA;NA;NA
"667";"917";"пискарёвский проспект";"13";NA;NA;NA
"668";"918";"пискарёвский проспект";"13";NA;NA;NA
"669";"919";"пискарёвский проспект";"13";NA;NA;NA
"670";"920";"пискарёвский проспект";"13";NA;NA;NA
"671";"921";"шепетовская улица";"5";NA;NA;NA
"672";"922";"шепетовская улица";"5";NA;NA;NA
"673";"923";"большеохтинский проспект";"11";"2";NA;NA
"674";"924";"большеохтинский проспект";"11";"2";NA;NA
"675";"925";"большеохтинский проспект";"18";NA;NA;NA
"676";"926";"большеохтинский проспект";"18";NA;NA;NA
"677";"927";"большая пороховская улица";"8";NA;"А";NA
"678";"928";"большая пороховская улица";"8";NA;"А";NA
"679";"929";"панфилова улица";"23";NA;NA;NA
"680";"930";"панфилова улица";"23";NA;NA;NA
"681";"931";"синявинская улица";"15";NA;NA;NA
"682";"932";"синявинская улица";"15";NA;NA;NA
"683";"933";"проспект металлистов";"23";NA;NA;NA
"684";"934";"проспект металлистов";"23";NA;NA;NA
"685";"935";"большая пороховская улица";"38";NA;NA;NA
"686";"936";"большая пороховская улица";"38";NA;NA;NA
"687";"937";"шоссе революции";"35";"5";NA;NA
"688";"938";"шоссе революции";"35";"5";NA;NA
"689";"939";"улица петра смородина";"10";NA;NA;NA
"690";"940";"улица петра смородина";"10";NA;NA;NA
"691";"941";"весенняя улица";"10";NA;NA;NA
"692";"942";"весенняя улица";"10";NA;NA;NA
"693";"943";"перевозный переулок";"19";NA;NA;NA
"694";"944";"перевозный переулок";"19";NA;NA;NA
"695";"945";"новочеркасский проспект";"31";NA;NA;NA
"696";"946";"улица стахановцев";"15";"2";NA;NA
"697";"947";"улица стахановцев";"15";"2";NA;NA
"698";"948";"таллинская улица";"18";NA;NA;NA
"699";"949";"таллинская улица";"26";NA;NA;NA
"700";"950";"таллинская улица";"26";NA;NA;NA
"701";"951";"новочеркасский проспект";"50";"3";NA;NA
"702";"952";"новочеркасский проспект";"50";"3";NA;NA
"703";"953";"новочеркасский проспект";"50";"3";NA;NA
"704";"954";"проспект шаумяна";"36";NA;NA;NA
"705";"955";"проспект шаумяна";"36";NA;NA;NA
"706";"956";"проспект шаумяна";"36";NA;NA;NA
"707";"957";"казанская улица";"3";NA;NA;NA
"708";"973";"ириновский проспект";"17";"5";NA;NA
"709";"974";"ириновский проспект";"17";"5";NA;NA
"710";"975";"проспект ударников";"22";"3";NA;NA
"711";"976";"проспект ударников";"22";"3";NA;NA
"712";"977";"проспект ударников";"17";"2";NA;NA
"713";"978";"проспект ударников";"17";"2";NA;NA
"714";"979";"проспект ударников";"17";"2";NA;NA
"715";"980";"проспект ударников";"17";"2";NA;NA
"716";"981";"проспект ударников";"17";"2";NA;NA
"717";"982";"индустриальный проспект";"10";"2";NA;NA
"718";"983";"индустриальный проспект";"10";"2";NA;NA
"719";"984";"индустриальный проспект";"10";"2";NA;NA
"720";"985";"индустриальный проспект";"10";"2";NA;NA
"721";"986";"индустриальный проспект";"10";"2";NA;NA
"722";"987";"ириновский проспект";"23";"2";NA;NA
"723";"988";"ириновский проспект";"23";"2";NA;NA
"724";"989";"ириновский проспект";"23";"2";NA;NA
"725";"990";"проспект наставников";"40";"2";NA;NA
"726";"991";"проспект наставников";"40";"2";NA;NA
"727";"992";"проспект наставников";"40";"2";NA;NA
"728";"993";"проспект ударников";"31";NA;NA;NA
"729";"994";"проспект ударников";"31";NA;NA;NA
"730";"995";"проспект ударников";"31";NA;NA;NA
"731";"996";"проспект ударников";"31";NA;NA;NA
"732";"997";"улица осипенко";"8";NA;NA;NA
"733";"998";"улица осипенко";"8";NA;NA;NA
"734";"999";"улица осипенко";"5";"2";NA;NA
"735";"1000";"улица осипенко";"5";"2";NA;NA
"736";"1001";"улица осипенко";"5";"2";NA;NA
"737";"1002";"ленская улица";"2";"2";NA;NA
"738";"1003";"проспект косыгина";"25";"2";NA;NA
"739";"1004";"проспект косыгина";"25";"2";NA;NA
"740";"1005";"проспект косыгина";"25";"2";NA;NA
"741";"1006";"ленская улица";"1";"2";NA;NA
"742";"1007";"ленская улица";"1";"2";NA;NA
"743";"1008";"ленская улица";"1";"2";NA;NA
"744";"1009";"хасанская улица";"14";"2";NA;NA
"745";"1010";"хасанская улица";"14";"2";NA;NA
"746";"1011";"хасанская улица";"14";"2";NA;NA
"747";"1012";"проспект наставников";"11";"2";NA;NA
"748";"1013";"проспект наставников";"11";"2";NA;NA
"749";"1014";"проспект наставников";"11";"2";NA;NA
"750";"1015";"белорусская улица";"26";"2";NA;NA
"751";"1016";"белорусская улица";"26";"2";NA;NA
"752";"1017";"белорусская улица";"26";"2";NA;NA
"753";"1018";"белорусская улица";"26";"2";NA;NA
"754";"1019";"хасанская улица";"18";"3";NA;NA
"755";"1020";"хасанская улица";"18";"3";NA;NA
"756";"1021";"белорусская улица";"10";NA;NA;NA
"757";"1022";"хасанская улица";"18";"3";NA;NA
"758";"1023";"белорусская улица";"10";NA;NA;NA
"759";"1024";"проспект косыгина";"28";"3";NA;NA
"760";"1025";"проспект косыгина";"28";"3";NA;NA
"761";"1026";"проспект косыгина";"28";"3";NA;NA
"762";"1027";"улица коммуны";"32";"4";NA;NA
"763";"1028";"улица коммуны";"32";"4";NA;NA
"764";"1029";"улица коммуны";"32";"4";NA;NA
"765";"1030";"энтузиастов проспект";"47";"2";NA;NA
"766";"1031";"энтузиастов проспект";"47";"2";NA;NA
"767";"1032";"энтузиастов проспект";"47";"2";NA;NA
"768";"1033";"проспект энтузиастов";"46";"3";NA;NA
"769";"1034";"проспект энтузиастов";"46";"3";NA;NA
"770";"1035";"улица коммуны";"42";"3";NA;NA
"771";"1036";"улица коммуны";"42";"3";NA;NA
"772";"1037";"улица коммуны";"42";"3";NA;NA
"773";"1038";"отечественная улица";"5";NA;NA;NA
"774";"1039";"отечественная улица";"5";NA;NA;NA
"775";"1040";"отечественная улица";"5";NA;NA;NA
"776";"1041";"отечественная улица";"5";NA;NA;NA
"777";"1042";"отечественная улица";"6";NA;NA;NA
"778";"1043";"1-я жерновская улица";"8";NA;NA;NA
"779";"1044";"рябовское шоссе";"75";NA;NA;NA
"780";"1045";"рябовское шоссе";"75";NA;NA;NA
"781";"1046";"рябовское шоссе";"126";NA;NA;NA
"782";"1047";"ржевская улица";"18";NA;NA;NA
"783";"1145";"улица чекистов";"18";NA;NA;NA
"784";"1146";"улица чекистов";"18";NA;NA;NA
"785";"1147";"улица авангардная";"21";NA;NA;NA
"786";"1148";"улица авангардная";"21";NA;NA;NA
"787";"1149";"улица авангардная";"43";NA;NA;NA
"788";"1150";"улица авангардная";"43";NA;NA;NA
"789";"1151";"улица авангардная";"43";NA;NA;NA
"790";"1152";"улица авангардная";"43";NA;NA;NA
"791";"1153";"улица авангардная";"43";NA;NA;NA
"792";"1154";"улица добровольцев";"8";NA;NA;NA
"793";"1155";"улица добровольцев";"8";NA;NA;NA
"794";"1156";"улица добровольцев";"8";NA;NA;NA
"795";"1157";"улица добровольцев";"8";NA;NA;NA
"796";"1158";"улица отважных";"6";NA;NA;NA
"797";"1159";"улица добровольцев";"60";"2";NA;NA
"798";"1160";"проспект ветеранов";"140";"2";NA;NA
"799";"1161";"проспект ветеранов";"140";"2";NA;NA
"800";"1162";"улица добровольцев";"60";"2";NA;NA
"801";"1163";"улица добровольцев";"60";"2";NA;NA
"802";"1164";"улица авангардная";"4";NA;NA;NA
"803";"1165";"улица пограничника гарькавого";"36";"6";NA;NA
"804";"1166";"улица пограничника гарькавого";"36";"2";NA;NA
"805";"1167";"улица тамбасова";"26";"1";NA;NA
"806";"1168";"улица тамбасова";"26";"1";NA;NA
"807";"1169";"улица здоровцева";"33";"2";NA;NA
"808";"1170";"проспект народного ополчения";"223";NA;NA;NA
"809";"1171";"российский бульвар";"4";"2";NA;NA
"810";"1172";"проспект ветеранов";"180";NA;NA;NA
"811";"1173";"улица лётчика пилютова";"50";NA;NA;NA
"812";"1174";"улица лётчика пилютова";"50";NA;NA;NA
"813";"1175";"улица пограничника гарькавого";"46";"4";NA;NA
"814";"1176";"улица лётчика пилютова";"40";NA;NA;NA
"815";"1177";"улица пограничника гарькавого";"46";"4";NA;NA
"816";"1178";"улица пограничника гарькавого";"36";"6";NA;NA
"817";"1179";"улица поселковая";"26";NA;"А";NA
"818";"1180";"красносельское шоссе";"34";NA;NA;NA
"819";"1181";"улица политрука пасечника";"3";NA;NA;NA
"820";"1182";"улица политрука пасечника";"3";NA;NA;NA
"821";"1183";"улица геологическая";"75";"5";NA;NA
"822";"1184";"красносельское шоссе";"34";NA;NA;NA
"823";"1185";"красносельское шоссе";"34";NA;NA;NA
"824";"1186";"красносельское шоссе";"34";NA;NA;NA
"825";"1187";"красносельское шоссе";"34";NA;NA;NA
"826";"1188";"красносельское шоссе";"54";"7";NA;NA
"827";"1189";"красносельское шоссе";"54";"7";NA;NA
"828";"1193";"проспект ленина";"43";"1";NA;NA
"829";"1194";"улица спирина";"2";"3";NA;NA
"830";"1195";"улица спирина";"2";"3";NA;NA
"831";"1196";"улица спирина";"2";"3";NA;NA
"832";"1197";"улица спирина";"10";NA;NA;NA
"833";"1198";"улица спирина";"10";NA;NA;NA
"834";"1199";"улица спирина";"13";NA;"Б";NA
"835";"1200";"проспект ленина";"85";NA;NA;NA
"836";"1201";"улица лермонтова";"23";NA;NA;NA
"837";"1202";"улица лермонтова";"23";NA;NA;NA
"838";"1203";"улица освобождения";"29";"3";NA;NA
"839";"1204";"улица освобождения";"29";"3";NA;NA
"840";"1205";"улица освобождения";"29";"3";NA;NA
"841";"1206";"кингисеппское шоссе";"10";"4";NA;NA
"842";"1207";"кингисеппское шоссе";"10";"4";NA;NA
"843";"1208";"кингисеппское шоссе";"10";"4";NA;NA
"844";"1209";"кингисеппское шоссе";"10";"4";NA;NA
"845";"1210";"улица красногородская";"1";NA;NA;NA
"846";"1211";"улица лермонтова";"23";NA;NA;NA
"847";"1212";"улица театральная";"15";NA;NA;NA
"848";"1213";NA;"115";NA;NA;"Хвойный"
"849";"1214";"улица красногородская";"7";"3";NA;NA
"850";"1215";"улица красногородская";"7";"3";NA;NA
"851";"1216";"улица красногородская";"7";"3";NA;NA
"852";"1058";"петергофское шоссе";"5";"3";NA;NA
"853";"1059";"петергофское шоссе";"5";"3";NA;NA
"854";"1060";"петергофское шоссе";"5";"3";NA;NA
"855";"1061";"петергофское шоссе";"5";"4";NA;NA
"856";"1062";"петергофское шоссе";"5";"4";NA;NA
"857";"1063";"петергофское шоссе";"5";"4";NA;NA
"858";"1064";"улица маршала захарова";"52";"1";NA;NA
"859";"1065";"улица маршала захарова";"52";"1";NA;NA
"860";"1066";"улица маршала захарова";"52";"1";NA;NA
"861";"1067";"улица маршала захарова";"58";NA;NA;NA
"862";"1068";"улица маршала захарова";"58";NA;NA;NA
"863";"1069";"улица маршала захарова";"58";NA;NA;NA
"864";"1070";"улица маршала захарова";"58";NA;NA;NA
"865";"1071";"ленинский проспект";"94";"2";NA;NA
"866";"1072";"ленинский проспект";"94";"2";NA;NA
"867";"1073";"улица котина";"6";"3";NA;NA
"868";"1074";"улица котина";"6";"3";NA;NA
"869";"1075";"улица котина";"6";"3";NA;NA
"870";"1076";"улица маршала казакова";"30";NA;NA;NA
"871";"1077";"ленинский проспект";"94";"2";NA;NA
"872";"1078";"ленинский проспект";"94";"2";NA;NA
"873";"1079";"проспект маршала жукова";"33";"2";NA;NA
"874";"1080";"проспект маршала жукова";"33";"2";NA;NA
"875";"1081";"проспект маршала жукова";"33";"2";NA;NA
"876";"1082";"улица маршала казакова";"30";NA;NA;NA
"877";"1086";"улица пионерстроя";"9";"1";NA;NA
"878";"1087";"улица пионерстроя";"9";"1";NA;NA
"879";"1088";"улица пионерстроя";"10";"2";NA;NA
"880";"1089";"улица пионерстроя";"10";"2";NA;NA
"881";"1090";"улица 2-я комсомольская";"23";NA;NA;NA
"882";"1091";"проспект ветеранов";"151";"3";NA;NA
"883";"1092";"проспект ветеранов";"151";"3";NA;NA
"884";"1093";"улица пионерстроя";"10";"2";NA;NA
"885";"1094";"петергофское шоссе";"88";"3";NA;NA
"886";"1095";"улица пограничника гарькавого";"22";NA;NA;NA
"887";"1096";"улица пограничника гарькавого";"11";"2";NA;NA
"888";"1097";"улица пограничника гарькавого";"11";"2";NA;NA
"889";"1098";"улица пограничника гарькавого";"14";NA;NA;NA
"890";"1099";"проспект ветеранов";"135";NA;NA;NA
"891";"1100";"улица тамбасова";"2";"4";NA;NA
"892";"1101";"улица тамбасова";"2";"4";NA;NA
"893";"1102";"улица тамбасова";"2";"4";NA;NA
"894";"1103";"брестский бульвар";"19";"2";NA;NA
"895";"1104";"брестский бульвар";"19";"2";NA;NA
"896";"1105";"улица рихарда зорге";"13";"2";NA;NA
"897";"1106";"улица рихарда зорге";"13";"2";NA;NA
"898";"1107";"улица маршала захарова";"28";NA;NA;NA
"899";"1108";"улица маршала захарова";"28";NA;NA;NA
"900";"1109";"улица маршала захарова";"28";NA;NA;NA
"901";"1110";"улица маршала захарова";"28";NA;NA;NA
"902";"1111";"улица маршала захарова";"28";NA;NA;NA
"903";"1112";"ленинский проспект";"80";"2";NA;NA
"904";"1113";"улица рихарда зорге";"13";"2";NA;NA
"905";"1114";"проспект кузнецова";"25";"2";NA;NA
"906";"1115";"проспект кузнецова";"25";"3";NA;NA
"907";"1116";"проспект кузнецова";"25";"3";NA;NA
"908";"1117";"проспект кузнецова";"25";"2";NA;NA
"909";"1118";"проспект кузнецова";"25";"3";NA;NA
"910";"1119";"проспект кузнецова";"19";NA;NA;NA
"911";"1120";"проспект кузнецова";"19";NA;NA;NA
"912";"1121";"проспект кузнецова";"19";NA;NA;NA
"913";"1122";"улица маршала захарова";"16";"4";NA;NA
"914";"1123";"улица маршала захарова";"16";"4";NA;NA
"915";"1124";"улица адмирала коновалова";"6";"2";NA;NA
"916";"1125";"улица маршала захарова";"16";"4";NA;NA
"917";"1126";"улица маршала захарова";"16";"4";NA;NA
"918";"1127";"улица маршала захарова";"16";"4";NA;NA
"919";"1128";"улица маршала захарова";"16";"4";NA;NA
"920";"1129";"ленинский проспект";"72";"2";NA;NA
"921";"1130";"ленинский проспект";"80";"2";NA;NA
"922";"1131";"ленинский проспект";"80";"2";NA;NA
"923";"1132";"ленинский проспект";"80";"2";NA;NA
"924";"1220";"улица лебедева";"5";NA;NA;"кронштадт"
"925";"1221";"улица лебедева";"5";NA;NA;"кронштадт"
"926";"1222";"улица рошаля";"4/11";NA;NA;"кронштадт"
"927";"1223";"улица рошаля";"4/11";NA;NA;"кронштадт"
"928";"1224";"манежный переулок";"1";NA;NA;NA
"929";"1225";"улица коммунистическая";"16";NA;NA;NA
"930";"1226";"улица советская";"43";NA;NA;NA
"931";"1227";"улица советская";"43";NA;NA;NA
"932";"1228";"проспект ленина";"15";NA;NA;NA
"933";"1229";"проспект ленина";"6";NA;NA;NA
"934";"1230";"проспект ленина";"6";NA;NA;NA
"935";"1231";"улица андреевская";"7";NA;NA;NA
"936";"1232";"улица андреевская";"3";NA;NA;NA
"937";"1233";"проспект ленина";"51";NA;NA;NA
"938";"1234";"улица станюковича";"4";NA;NA;NA
"939";"1235";"улица станюковича";"4";NA;NA;NA
"940";"1236";"улица станюковича";"4";NA;NA;NA
"941";"1237";"улица гидростроителей";"6";NA;NA;NA
"942";"1254";"улица восточная";"6";NA;NA;"Белоостров"
"943";"1262";"проспект ленина";"15";NA;NA;"Зеленогорск"
"944";"1263";"проспект ленина";"25";NA;NA;"Зеленогорск"
"945";"1264";"проспект ленина";"25";NA;NA;"Зеленогорск"
"946";"1265";"проспект ленина";"2";NA;NA;"Зеленогорск"
"947";"1266";"участок ленэнерго";"5";NA;"А";"Зеленогорск"
"948";"1267";"почтовое отделение красавица";"432";NA;NA;"Зеленогорск"
"949";"1268";"улица мира";"6";NA;NA;"Зеленогорск"
"950";"1261";"улица цветочная";"22";NA;NA;"Комарово"
"951";"1271";"улица правды";"6";NA;NA;"Молодёжное"
"952";"1256";"2-й проезд";"140";NA;NA;"песочный"
"953";"1257";" улица ленинградская";"53";NA;NA;"Песочный"
"954";"1258";"улица речная";"24";NA;NA;"Песочный"
"955";"1259";"улица речная";"24";NA;NA;"Песочный"
"956";"1260";"улица луговая";"4";NA;NA;"Репино"
"957";"1270";"улица лесная";"5";NA;NA;"серово"
"958";"1239";"проспект красных командиров";"9";NA;NA;"Сестрорецк"
"959";"1240";"улица ново-гагаринская";"39";"2";NA;"Сестрорецк"
"960";"1241";"улица ново-гагаринская";"39";"2";NA;"Сестрорецк"
"961";"1242";"улица токарева";"5";NA;NA;"Сестрорецк"
"962";"1243";"улица токарева";"10";NA;NA;"Сестрорецк"
"963";"1244";"улица токарева";"7";NA;NA;"Сестрорецк"
"964";"1245";"улица токарева";"20";NA;NA;"Сестрорецк"
"965";"1246";"дубковское шоссе";"42";NA;NA;"Сестрорецк"
"966";"1247";"советский переулок";"10";NA;NA;"Сестрорецк"
"967";"1248";"площадь свободы";"6";NA;NA;"Сестрорецк"
"968";"1249";"улица володарского";"12";NA;NA;"Сестрорецк"
"969";"1250";"улица володарского";"12";NA;NA;"Сестрорецк"
"970";"1251";"площадь свободы";"1";NA;NA;"Сестрорецк"
"971";"1252";"приморское шоссе";"308";NA;NA;"Сестрорецк"
"972";"1253";"приморское шоссе";"308";NA;NA;"Сестрорецк"
"973";"1272";"приморское шоссе";"704";NA;NA;"Смолячково"
"974";"1255";"приморское шоссе";"374";NA;NA;"Солнечное"
"975";"1269";"улица пляжевая";"10";NA;NA;"Ушково"
"976";"1279";"московский проспект";"80";NA;NA;NA
"977";"1280";"московский проспект";"96";NA;NA;NA
"978";"1281";"московский проспект";"96";NA;NA;NA
"979";"1282";"благодатная улица";"20";NA;NA;NA
"980";"1283";"варшавская улица";"30";NA;NA;NA
"981";"1284";"московский проспект";"112";NA;NA;NA
"982";"1285";"благодатная улица";"36";NA;NA;NA
"983";"1286";"московский проспект";"164";NA;NA;NA
"984";"1287";"московский проспект";"164";NA;NA;NA
"985";"1288";"благодатная улица";"32";NA;NA;NA
"986";"1289";"благодатная улица";"32";NA;NA;NA
"987";"1290";"благодатная улица";"32";NA;NA;NA
"988";"1291";"фрунзе улица";"13";NA;NA;NA
"989";"1292";"фрунзе улица";"12";NA;NA;NA
"990";"1293";"фрунзе улица";"12";NA;NA;NA
"991";"1294";"фрунзе улица";"13";NA;NA;NA
"992";"1295";"фрунзе улица";"22";NA;NA;NA
"993";"1296";"фрунзе улица";"22";NA;NA;NA
"994";"1297";"ленсовета улица";"10";NA;NA;NA
"995";"1298";"благодатная улица";"36";NA;NA;NA
"996";"1299";"благодатная улица";"36";NA;NA;NA
"997";"1300";"юрия гагарина проспект";"16";"3";NA;NA
"998";"1301";"юрия гагарина проспект";"22";"3";NA;NA
"999";"1302";"юрия гагарина проспект";"22";"3";NA;NA
"1000";"1303";"юрия гагарина проспект";"22";"3";NA;NA
"1001";"1304";"космонавтов проспект";"21";"4";NA;NA
"1002";"1305";"космонавтов проспект";"21";"4";NA;NA
"1003";"1306";"космонавтов проспект";"21";"4";NA;NA
"1004";"1307";"космонавтов проспект";"20";"4";NA;NA
"1005";"1308";"космонавтов проспект";"20";"4";NA;NA
"1006";"1309";"космонавтов проспект";"28";"4";NA;NA
"1007";"1310";"космонавтов проспект";"28";"4";NA;NA
"1008";"1311";"космонавтов проспект";"28";"4";NA;NA
"1009";"1312";"типанова улица";"29";NA;NA;NA
"1010";"1313";"витебский проспект";"49";NA;NA;NA
"1011";"1314";"витебский проспект";"49";NA;NA;NA
"1012";"1315";"витебский проспект";"49";NA;NA;NA
"1013";"1316";"витебский проспект";"57";"2";NA;NA
"1014";"1317";"витебский проспект";"57";"2";NA;NA
"1015";"1318";"витебский проспект";"57";"2";NA;NA
"1016";"1319";"витебский проспект";"73";"2";NA;NA
"1017";"1320";"витебский проспект";"73";"2";NA;NA
"1018";"1321";"витебский проспект";"85";"2";NA;NA
"1019";"1322";"витебский проспект";"85";"2";NA;NA
"1020";"1323";"витебский проспект";"73";"2";NA;NA
"1021";"1324";"витебский проспект";"85";"2";NA;NA
"1022";"1325";"авиационная улица";"38";NA;NA;NA
"1023";"1326";"авиационная улица";"38";NA;NA;NA
"1024";"1327";"авиационная улица";"38";NA;NA;NA
"1025";"1328";"алтайская улица";"15";NA;NA;NA
"1026";"1329";"юрия гагарина проспект";"51";NA;NA;NA
"1027";"1330";"орджоникидзе улица";"18";NA;NA;NA
"1028";"1331";"орджоникидзе улица";"18";NA;NA;NA
"1029";"1332";"алтайская улица";"15";NA;NA;NA
"1030";"1333";"юрия гагарина проспект";"51";NA;NA;NA
"1031";"1334";"юрия гагарина проспект";"51";NA;NA;NA
"1032";"1335";"ленсовета улица";"43";NA;"А";NA
"1033";"1336";"ленсовета улица";"43";NA;"А";NA
"1034";"1337";"улица ленсовета";"87";"2";NA;NA
"1035";"1338";"ленсовета улица";"68";NA;NA;NA
"1036";"1339";"ленсовета улица";"68";NA;NA;NA
"1037";"1340";"звёздная улица";"7";NA;NA;NA
"1038";"1341";"ленсовета улица";"68";NA;NA;NA
"1039";"1342";"ленсовета улица";"68";NA;NA;NA
"1040";"1343";"пулковская улица";"11";"1";NA;NA
"1041";"1344";"улица ленсовета";"87";"2";NA;NA
"1042";"1345";"улица ленсовета";"87";"2";NA;NA
"1043";"1346";"ленсовета улица";"68";NA;NA;NA
"1044";"1347";"звёздная улица";"7";NA;NA;NA
"1045";"1348";"звёздная улица";"7";NA;NA;NA
"1046";"1349";"пулковское шоссе";"30";"4";"В";NA
"1047";"1350";"пулковское шоссе";"34";"2";NA;NA
"1048";"1351";"пулковское шоссе";"34";"2";NA;NA
"1049";"1352";"пулковская улица";"11";"1";NA;NA
"1050";"1367";"кузнецовская улица";"20";"2";NA;NA
"1051";"1368";"кузнецовская улица";"20";"2";NA;NA
"1052";"1369";"благодатная улица";"11";NA;NA;NA
"1053";"1370";"благодатная улица";"11";NA;NA;NA
"1054";"1371";"кузнецовская улица";"20";"2";NA;NA
"1055";"1372";"варшавская улица";"33";NA;NA;NA
"1056";"1373";"варшавская улица";"33";"9";NA;NA
"1057";"1374";"кубинская улица";"32";"1";NA;NA
"1058";"1375";"варшавская улица";"33";"2";NA;NA
"1059";"1376";"варшавская улица";"33";NA;NA;NA
"1060";"1377";"варшавская улица";"51";NA;NA;NA
"1061";"1378";"варшавская улица";"51";NA;NA;NA
"1062";"1379";"варшавская улица";"51";NA;NA;NA
"1063";"1380";"варшавская улица";"51";NA;NA;NA
"1064";"1381";"варшавская улица";"63";NA;NA;NA
"1065";"1382";"кубинская улица";"32";"1";NA;NA
"1066";"1383";"кубинская улица";"32";"1";NA;NA
"1067";"1384";"кубинская улица";"46";"6";NA;NA
"1068";"1385";"кубинская улица";"46";"9";NA;NA
"1069";"1386";"Краснопутиловская улица";"60";NA;NA;NA
"1070";"1387";"кубинская улица";"62";NA;NA;NA
"1071";"1388";"кубинская улица";"62";NA;NA;NA
"1072";"1389";"улица костюшко";"34";NA;NA;NA
"1073";"1390";"улица костюшко";"34";NA;NA;NA
"1074";"1391";"улица костюшко";"34";NA;NA;NA
"1075";"1392";"улица костюшко";"34";NA;NA;NA
"1076";"1393";"улица костюшко";"62";NA;NA;NA
"1077";"1394";"улица костюшко";"62";NA;NA;NA
"1078";"1395";"варшавская улица";"40";NA;NA;NA
"1079";"1396";"варшавская улица";"40";NA;NA;NA
"1080";"1397";"московский проспект";"169";NA;NA;NA
"1081";"1398";"победы улица";"10";NA;NA;NA
"1082";"1399";"ленинский проспект";"161";"3";NA;NA
"1083";"1400";"московский проспект";"203";NA;"А";NA
"1084";"1401";"московский проспект";"203";NA;"А";NA
"1085";"1402";"московский проспект";"203";NA;"А";NA
"1086";"1403";"5-й предпортовый проезд";"6";"1";NA;NA
"1087";"1404";"5-й предпортовый проезд";"6";"1";NA;NA
"1088";"1405";"5-й предпортовый проезд";"6";"1";NA;NA
"1089";"1406";"5-й предпортовый проезд";"6";"1";NA;NA
"1090";"1407";"5-й предпортовый проезд";"6";"1";NA;NA
"1091";"1408";"улица взлётная";"5";"1";NA;NA
"1092";"1409";"улица взлётная";"5";"1";NA;NA
"1093";"1410";"улица взлётная";"5";"1";NA;NA
"1094";"1411";"пулковское шоссе";"88";NA;NA;NA
"1095";"1412";"пулковское шоссе";"91";"2";NA;NA
"1096";"1422";"октябрьская набережная";"118";NA;NA;NA
"1097";"1423";"октябрьская набережная";"118";NA;NA;NA
"1098";"1424";"октябрьская набережная";"118";NA;NA;NA
"1099";"1425";"октябрьская набережная";"84";"1";NA;NA
"1100";"1426";"октябрьская набережная";"84";"1";NA;NA
"1101";"1427";"октябрьская набережная";"84";"1";NA;NA
"1102";"1428";"октябрьская набережная";"70";"2";NA;NA
"1103";"1429";"октябрьская набережная";"70";"2";NA;NA
"1104";"1430";"улица новосёлов";"21";NA;NA;NA
"1105";"1431";"улица новосёлов";"21";NA;NA;NA
"1106";"1432";"улица новосёлов";"21";NA;NA;NA
"1107";"1433";"улица народная";"63";NA;NA;NA
"1108";"1434";"улица народная";"63";NA;NA;NA
"1109";"1435";"улица народная";"63";NA;NA;NA
"1110";"1436";"улица народная";"63";NA;NA;NA
"1111";"1437";"улица народная";"63";NA;NA;NA
"1112";"1438";"улица народная";"44";NA;NA;NA
"1113";"1439";"улица народная";"44";NA;NA;NA
"1114";"1440";"улица народная";"44";NA;NA;NA
"1115";"1441";"улица тельмана";"47";NA;NA;NA
"1116";"1442";"улица тельмана";"47";NA;NA;NA
"1117";"1443";"проспект большевиков";"28";NA;NA;NA
"1118";"1444";"проспект большевиков";"28";NA;NA;NA
"1119";"1445";"улица крыленко";"33";"2";NA;NA
"1120";"1446";"улица крыленко";"33";"2";NA;NA
"1121";"1447";"улица крыленко";"25";"5";NA;NA
"1122";"1448";"улица крыленко";"25";"5";NA;NA
"1123";"1449";"улица крыленко";"25";"5";NA;NA
"1124";"1450";"улица тельмана";"34";NA;NA;NA
"1125";"1451";"улица тельмана";"34";NA;NA;NA
"1126";"1452";"улица тельмана";"34";NA;NA;NA
"1127";"1453";"улица тельмана";"34";NA;NA;NA
"1128";"1454";"улица тельмана";"34";NA;NA;NA
"1129";"1455";"улица евдокима огнева";"4";"2";NA;NA
"1130";"1456";"улица евдокима огнева";"4";"2";NA;NA
"1131";"1457";"улица дыбенко";"17";"3";NA;NA
"1132";"1458";"улица дыбенко";"17";"3";NA;NA
"1133";"1459";"улица дыбенко";"17";"3";NA;NA
"1134";"1460";"улица дыбенко";"17";"3";NA;NA
"1135";"1461";"проспект большевиков";"23";NA;NA;NA
"1136";"1462";"проспект большевиков";"23";NA;NA;NA
"1137";"1463";"проспект большевиков";"23";NA;NA;NA
"1138";"1464";"проспект большевиков";"23";NA;NA;NA
"1139";"1465";"проспект большевиков";"23";NA;NA;NA
"1140";"1466";"улица дыбенко";"12";"2";NA;NA
"1141";"1467";"улица дыбенко";"12";"2";NA;NA
"1142";"1468";"улица дыбенко";"12";"2";NA;NA
"1143";"1469";"улица дыбенко";"12";"2";NA;NA
"1144";"1470";"улица дыбенко";"20";"4";NA;NA
"1145";"1471";"улица дыбенко";"20";"4";NA;NA
"1146";"1472";"улица дыбенко";"24";"4";NA;NA
"1147";"1473";"улица дыбенко";"24";"4";NA;NA
"1148";"1474";"улица дыбенко";"24";"4";NA;NA
"1149";"1475";"улица дыбенко";"24";"4";NA;NA
"1150";"1476";"улица белышева";"6";NA;NA;NA
"1151";"1477";"улица белышева";"6";NA;NA;NA
"1152";"1478";"улица белышева";"6";NA;NA;NA
"1153";"1479";"улица белышева";"6";NA;NA;NA
"1154";"1480";"улица коллонтай";"19";"5";NA;NA
"1155";"1481";"улица коллонтай";"19";"5";NA;NA
"1156";"1482";"улица коллонтай";"19";"5";NA;NA
"1157";"1483";"улица коллонтай";"19";"5";NA;NA
"1158";"1484";"улица подвойского";"18";"3";NA;NA
"1159";"1485";"улица подвойского";"18";"3";NA;NA
"1160";"1486";"улица подвойского";"18";"3";NA;NA
"1161";"1487";"улица подвойского";"18";"3";NA;NA
"1162";"1488";"проспект большевиков";"4";"2";NA;NA
"1163";"1489";"проспект большевиков";"4";"2";NA;NA
"1164";"1490";"проспект большевиков";"4";"2";NA;NA
"1165";"1491";"проспект большевиков";"4";"2";NA;NA
"1166";"1492";"проспект большевиков";"4";"2";NA;NA
"1167";"1493";"товарищеский проспект";"10";"2";NA;NA
"1168";"1494";"товарищеский проспект";"10";"2";NA;NA
"1169";"1495";"проспект солидарности";"11";"2";NA;NA
"1170";"1496";"проспект солидарности";"11";"2";NA;NA
"1171";"1497";"проспект солидарности";"11";"2";NA;NA
"1172";"1498";"товарищеский проспект";"28";"2";NA;NA
"1173";"1499";"товарищеский проспект";"28";"2";NA;NA
"1174";"1500";"товарищеский проспект";"28";"2";NA;NA
"1175";"1501";"товарищеский проспект";"28";"2";NA;NA
"1176";"1502";"товарищеский проспект";"28";"2";NA;NA
"1177";"1503";"улица подвойского";"50";"4";NA;NA
"1178";"1504";"улица подвойского";"50";"4";NA;NA
"1179";"1505";"улица подвойского";"50";"4";NA;NA
"1180";"1506";"улица коллонтай";"41";"2";NA;NA
"1181";"1507";"улица коллонтай";"41";"2";NA;NA
"1182";"1508";"улица коллонтай";"36";NA;NA;NA
"1183";"1509";"проспект солидарности";"3";"4";NA;NA
"1184";"1510";"проспект солидарности";"3";"4";NA;NA
"1185";"1511";"проспект солидарности";"3";"4";NA;NA
"1186";"1512";"проспект солидарности";"1";"2";NA;NA
"1187";"1513";"проспект солидарности";"1";"2";NA;NA
"1188";"1514";"проспект солидарности";"1";"2";NA;NA
"1189";"1515";"улица латышских стрелков";"9";"3";NA;NA
"1190";"1516";"улица латышских стрелков";"9";"3";NA;NA
"1191";"1517";"улица латышских стрелков";"9";"3";NA;NA
"1192";"1518";"улица латышских стрелков";"9";"1";NA;NA
"1193";"1519";"улица латышских стрелков";"9";"1";NA;NA
"1194";"1520";"улица латышских стрелков";"9";"1";NA;NA
"1195";"1521";"проспект пятилеток";"10";NA;NA;NA
"1196";"1522";"проспект пятилеток";"10";NA;NA;NA
"1197";"1523";"проспект пятилеток";"10";NA;NA;NA
"1198";"1524";"улица джона рида";"6";NA;NA;NA
"1199";"1525";"улица джона рида";"6";NA;NA;NA
"1200";"1526";"улица коллонтай";"4";"2";NA;NA
"1201";"1527";"улица джона рида";"6";NA;NA;NA
"1202";"1528";"улица джона рида";"6";NA;NA;NA
"1203";"1529";"улица джона рида";"3";"1";NA;NA
"1204";"1530";"проспект пятилеток";"6";"3";NA;NA
"1205";"1531";"проспект пятилеток";"6";"3";NA;NA
"1206";"1545";"улица хрустальная";"12";NA;NA;NA
"1207";"1546";"проспект елизарова";"7";NA;NA;NA
"1208";"1547";"проспект елизарова";"7";NA;NA;NA
"1209";"1548";"улица ольги берггольц";"15";NA;NA;NA
"1210";"1549";"улица ольги берггольц";"15";NA;NA;NA
"1211";"1550";"большой смоленский проспект";"36";NA;NA;NA
"1212";"1551";"большой смоленский проспект";"36";NA;NA;NA
"1213";"1552";"улица ольги берггольц";"27";NA;NA;NA
"1214";"1553";"улица ольги берггольц";"27";NA;NA;NA
"1215";"1554";"улица ткачей";"9";NA;NA;NA
"1216";"1555";"улица ткачей";"9";NA;NA;NA
"1217";"1556";"улица ткачей";"9";NA;NA;NA
"1218";"1557";"улица седова";"56";NA;NA;NA
"1219";"1558";"улица седова";"56";NA;NA;NA
"1220";"1559";"улица седова";"66";NA;NA;NA
"1221";"1560";"улица седова";"66";NA;NA;NA
"1222";"1561";"улица бабушкина";"65";NA;NA;NA
"1223";"1562";"улица бабушкина";"65";NA;NA;NA
"1224";"1563";"улица бабушкина";"65";NA;NA;NA
"1225";"1564";"улица ивановская";"11";NA;NA;NA
"1226";"1565";"улица ивановская";"11";NA;NA;NA
"1227";"1566";"улица бабушкина";"50";NA;NA;NA
"1228";"1567";"улица бабушкина";"50";NA;NA;NA
"1229";"1568";"улица бабушкина";"50";NA;NA;NA
"1230";"1569";"бульвар красных зорь";"6";"2";NA;NA
"1231";"1570";"бульвар красных зорь";"6";"2";NA;NA
"1232";"1571";"бульвар красных зорь";"6";"2";NA;NA
"1233";"1572";"улица шелгунова";"23";NA;NA;NA
"1234";"1573";" улица кибальчича";"8";"2";NA;NA
"1235";"1574";"проспект александровской фермы";"11";NA;NA;NA
"1236";"1575";"проспект александровской фермы";"11";NA;NA;NA
"1237";"1576";"проспект александровской фермы";"11";NA;NA;NA
"1238";"1577";"улица бабушкина";"56";"1";NA;NA
"1239";"1578";"улица бабушкина";"56";"1";NA;NA
"1240";"1579";"улица бабушкина";"119";NA;NA;NA
"1241";"1580";"проспект обуховской обороны";"257";NA;NA;NA
"1242";"1581";"проспект обуховской обороны";"257";NA;NA;NA
"1243";"1582";"проспект обуховской обороны";"257";NA;NA;NA
"1244";"1583";"2-й рабфаковский переулок";"1";"4";NA;NA
"1245";"1584";"2-й рабфаковский переулок";"1";"4";NA;NA
"1246";"1585";"2-й рабфаковский переулок";"1";"4";NA;NA
"1247";"1586";"шлиссельбургский проспект";"10";NA;NA;NA
"1248";"1587";"шлиссельбургский проспект";"10";NA;NA;NA
"1249";"1588";"шлиссельбургский проспект";"10";NA;NA;NA
"1250";"1589";"улица караваевская";"6";NA;NA;NA
"1251";"1590";"улица караваевская";"6";NA;NA;NA
"1252";"1591";"улица караваевская";"6";NA;NA;NA
"1253";"1592";"улица караваевская";"10";"2";NA;NA
"1254";"1593";"улица караваевская";"10";"2";NA;NA
"1255";"1594";"рыбацкий проспект";"29";"2";NA;NA
"1256";"1595";"рыбацкий проспект";"29";"2";NA;NA
"1257";"1596";"рыбацкий проспект";"29";"2";NA;NA
"1258";"1597";"рыбацкий проспект";"29";"2";NA;NA
"1259";"1598";"шлиссельбургский проспект";"43";NA;NA;NA
"1260";"1599";"шлиссельбургский проспект";"43";NA;NA;NA
"1261";"1600";"шлиссельбургский проспект";"43";NA;NA;NA
"1262";"1601";"шлиссельбургский проспект";"43";NA;NA;NA
"1263";"1602";"шлиссельбургский проспект";"24";"2";NA;NA
"1264";"1603";"шлиссельбургский проспект";"24";"2";NA;NA
"1265";"1604";"шлиссельбургский проспект";"24";"2";NA;NA
"1266";"1612";"улица блохина";"31";NA;NA;NA
"1267";"1613";"улица зверинская";"35";NA;NA;NA
"1268";"1614";"улица зверинская";"21";NA;NA;NA
"1269";"1615";"улица блохина";"31";NA;NA;NA
"1270";"1616";"улица съезжинская";"15/17";NA;NA;NA
"1271";"1617";"улица зверинская";"35";NA;NA;NA
"1272";"1618";"улица введенская";"3";NA;NA;NA
"1273";"1619";"улица введенская";"16";NA;NA;NA
"1274";"1620";"улица воскова";"1";NA;NA;NA
"1275";"1621";"каменноостровский проспект";"36/73";NA;NA;NA
"1276";"1622";"кронверкский проспект";"49";NA;NA;NA
"1277";"1623";"сытнинская площадь";"5/7";NA;NA;NA
"1278";"1624";"улица большая монетная";"2";NA;NA;NA
"1279";"1625";"улица мира";"4";NA;NA;NA
"1280";"1626";"улица мира";"4";NA;NA;NA
"1281";"1627";"троицкая площадь п.с.";"3";NA;NA;NA
"1282";"1628";"большая посадская улица";"5";NA;NA;NA
"1283";"1629";"певческий переулок";"4";NA;NA;NA
"1284";"1630";"большая посадская улица";"5";NA;NA;NA
"1285";"1631";"улица мира";"26";NA;NA;NA
"1286";"1632";"улица мира";"18";NA;NA;NA
"1287";"1633";"улица мира";"26";NA;NA;NA
"1288";"1634";"улица льва толстого";"8";NA;NA;NA
"1289";"1635";"каменноостровский проспект";"36/73";NA;NA;NA
"1290";"1636";"улица литераторов";"9";NA;NA;NA
"1291";"1637";"улица профессора  попова";"25";NA;NA;NA
"1292";"1638";"каменноостровский проспект";"69";NA;NA;NA
"1293";"1639";"чкаловский проспект";"35";NA;NA;NA
"1294";"1640";"каменноостровский проспект";"42";NA;NA;NA
"1295";"1641";"улица плуталова";"24";NA;NA;NA
"1296";"1642";"каменноостровский проспект";"42";NA;NA;NA
"1297";"1643";"улица плуталова";"24";NA;NA;NA
"1298";"1644";"чкаловский проспект";"15";NA;"А";NA
"1299";"1645";"пудожская улица";"4";NA;"Б";NA
"1300";"1646";"чкаловский проспект";"15";NA;"А";NA
"1301";"1647";"улица шамшева";"8";NA;NA;NA
"1302";"1648";"большой проспект п.с.";"29/2";NA;NA;NA
"1303";"1649";"улица малая разночинная";"2/4";NA;NA;NA
"1304";"1650";"улица малая разночинная";"2/4";NA;NA;NA
"1305";"1651";"улица красного курсанта";"6/9";NA;NA;NA
"1306";"1652";"улица красного курсанта";"6/9";NA;NA;NA
"1307";"1653";"петровский проспект";"13";NA;NA;NA
"1308";"1654";"новоладожская улица";"8";NA;NA;NA
"1309";"1655";"улица красного курсанта";"18";NA;NA;NA
"1310";"1656";"чкаловский проспект";"22";NA;NA;NA
"1311";"1657";"чкаловский проспект";"22";NA;NA;NA
"1312";"1658";"улица большая зеленина";"30";NA;NA;NA
"1313";"1659";"проспект динамо";"14";NA;NA;NA
"1314";"1660";"улица профессора  попова";"37";NA;NA;NA
"1315";"1661";"пудожская улица";"4";NA;"Б";NA
"1316";"1662";"левашовский проспект";"5";NA;NA;NA
"1317";"1663";"чкаловский проспект";"25";NA;"А";NA
"1318";"1664";"улица профессора  попова";"39";NA;NA;NA
"1319";"1674";"театральная аллея";"19";NA;NA;"Стрельна"
"1320";"1675";"санкт- петербургское шоссе";"88";NA;NA;"Стрельна"
"1321";"1676";"улица орловская";"2";NA;NA;"Стрельна"
"1322";"1677";"волхонское шоссе";"26";NA;"А";"Стрельна"
"1323";"1678";"улица кропоткинская";"10";NA;NA;"Стрельна"
"1324";"1679";"санкт-петербургское шоссе";"102";NA;"А";NA
"1325";"1680";"санкт- петербургское шоссе";"77";NA;NA;"Стрельна"
"1326";"1681";"санкт- петербургское шоссе";"130";NA;NA;"Петергоф"
"1327";"1682";"ропшинское шоссе";"8";NA;"А";"Петергоф"
"1328";"1683";"санкт- петербургский проспект";"4";NA;NA;"Петергоф"
"1329";"1684";"эрлеровский бульвар";"1/35";NA;NA;"Петергоф"
"1330";"1685";"эрлеровский бульвар";"1/35";NA;NA;"Петергоф"
"1331";"1686";"санкт- петербургский проспект";"43";NA;NA;"Петергоф"
"1332";"1687";"эрлеровский бульвар";"20";NA;NA;"Петергоф"
"1333";"1688";"эрлеровский бульвар";"20";NA;NA;"Петергоф"
"1334";"1689";"улица разводная";"27";NA;NA;"Петергоф"
"1335";"1690";"улица блан- менильская";"5";NA;NA;"Петергоф"
"1336";"1691";"улица блан- менильская";"5";NA;NA;"Петергоф"
"1337";"1692";"заячий проспект";"3";NA;NA;"Петергоф"
"1338";"1693";"ботаническая улица";"6";NA;NA;"Петергоф"
"1339";"1694";"ботаническая улица";"6";NA;NA;"Петергоф"
"1340";"1695";"ботаническая улица";"8";NA;NA;"Петергоф"
"1341";"1696";"ботаническая улица";"8";NA;NA;"Петергоф"
"1342";"1697";"улица шахматова";"10";"1";NA;"петергоф"
"1343";"1698";"улица шахматова";"10";"1";NA;"петергоф"
"1344";"1699";"собственный проспект";"1";NA;NA;"Петергоф"
"1345";"1700";"улица халтурина";"7";NA;NA;"Петергоф"
"1346";"1701";"улица ульяновская";"3";NA;NA;"петергоф "
"1347";"1706";"улица жоры антоненко";"1";NA;NA;"Ломоносов"
"1348";"1707";"дворцовый проспект";"40";NA;"Б";"Ломоносов"
"1349";"1708";"улица манежная";"3";NA;NA;"Ломоносов"
"1350";"1709";"улица сафронова";"8";NA;"А";"Ломоносов"
"1351";"1710";"улица сафронова";"8";NA;"А";"Ломоносов"
"1352";"1711";"улица владимирская";"28";NA;NA;"Ломоносов"
"1353";"1712";"улица владимирская";"28";NA;NA;"Ломоносов"
"1354";"1713";"улица красноармейская";"20";NA;NA;"Ломоносов"
"1355";"1714";"улица скуридина";"6";NA;"А";"Ломоносов"
"1356";"1715";"улица скуридина";"6";NA;"А";"Ломоносов"
"1357";"1716";"улица дегтярёва";"1/7";NA;NA;"Ломоносов"
"1358";"1717";"улица дегтярёва";"1/7";NA;NA;"Ломоносов"
"1359";"1718";"улица федюнинского";"6";NA;NA;"Ломоносов"
"1360";"1719";"улица федюнинского";"6";NA;NA;"Ломоносов"
"1361";"1720";"ораниенбаумский проспект";"39";NA;"В";"Ломоносов"
"1362";"1721";"улица победы";"28";"2";NA;"Ломоносов"
"1363";"1722";"улица победы";"28";"2";NA;"Ломоносов"
"1364";"1723";"улица александровская";"38";NA;NA;"Ломоносов"
"1365";"1724";"садовая улица";"6";NA;NA;"Ольгино"
"1366";"1725";"садовая улица";"6";NA;NA;"Ольгино"
"1367";"1729";"приморское шоссе";"48";NA;NA;NA
"1368";"1730";"приморское шоссе";"48";NA;NA;NA
"1369";"1731";"гаккелевская улица";"24";NA;NA;NA
"1370";"1732";"гаккелевская улица";"24";NA;NA;NA
"1371";"1733";"гаккелевская улица";"24";NA;NA;NA
"1372";"1734";"гаккелевская улица";"24";NA;NA;NA
"1373";"1735";"ситцевая улица";"15";NA;NA;NA
"1374";"1736";"ситцевая улица";"15";NA;NA;NA
"1375";"1737";"ситцевая улица";"15";NA;NA;NA
"1376";"1738";"камышовая улица";"18";NA;NA;NA
"1377";"1739";"камышовая улица";"18";NA;NA;NA
"1378";"1740";"камышовая улица";"18";NA;NA;NA
"1379";"1741";"камышовая улица";"18";NA;NA;NA
"1380";"1742";"яхтенная улица";"33";"3";NA;NA
"1381";"1743";"яхтенная улица";"33";"3";NA;NA
"1382";"1744";"богатырский проспект";"55";"3";NA;NA
"1383";"1745";"богатырский проспект";"55";"3";NA;NA
"1384";"1746";"богатырский проспект";"55";"3";NA;NA
"1385";"1747";"богатырский проспект";"55";"3";NA;NA
"1386";"1748";"богатырский проспект";"61";"2";NA;NA
"1387";"1749";"богатырский проспект";"61";"2";NA;NA
"1388";"1750";"богатырский проспект";"61";"2";NA;NA
"1389";"1751";"улица оптиков";"47";"5";NA;NA
"1390";"1752";"улица оптиков";"47";"5";NA;NA
"1391";"1753";"улица оптиков";"47";"5";NA;NA
"1392";"1754";"улица оптиков";"47";"5";NA;NA
"1393";"1756";"улица оптиков";"46";"3";NA;NA
"1394";"1757";"улица оптиков";"46";"3";NA;NA
"1395";"1758";"улица оптиков";"46";"3";NA;NA
"1396";"1759";"улица оптиков";"46";"3";NA;NA
"1397";"1760";"богатырский проспект";"50";"2";NA;NA
"1398";"1761";"богатырский проспект";"50";"2";NA;NA
"1399";"1762";"богатырский проспект";"50";"2";NA;NA
"1400";"1764";"мебельная улица";"21";"3";NA;NA
"1401";"1765";"мебельная улица";"21";"3";NA;NA
"1402";"1766";"мебельная улица";"21";"3";NA;NA
"1403";"1768";"улица савушкина";"111";"2";NA;NA
"1404";"1769";"улица савушкина";"111";"2";NA;NA
"1405";"1770";"улица савушкина";"111";"2";NA;NA
"1406";"1771";"яхтенная улица";"7";"3";NA;NA
"1407";"1772";"яхтенная улица";"7";"3";NA;NA
"1408";"1773";"яхтенная улица";"7";"3";NA;NA
"1409";"1774";"приморский проспект";"143";"3";NA;NA
"1410";"1775";"школьная улица";"114";"3";NA;NA
"1411";"1776";"школьная улица";"114";"3";NA;NA
"1412";"1777";"школьная улица";"114";"3";NA;NA
"1413";"1778";"школьная улица";"114";"3";NA;NA
"1414";"1779";"приморский проспект";"143";"3";NA;NA
"1415";"1780";"приморский проспект";"143";"3";NA;NA
"1416";"1781";"приморский проспект";"143";"3";NA;NA
"1417";"1782";"приморский проспект";"157";"3";NA;NA
"1418";"1783";"приморский проспект";"157";"3";NA;NA
"1419";"1784";"приморский проспект";"157";"3";NA;NA
"1420";"1785";"улица савушкина";"134";"4";NA;NA
"1421";"1786";"улица савушкина";"134";"4";NA;NA
"1422";"1787";"улица савушкина";"134";"4";NA;NA
"1423";"1793";"школьная улица";"66";NA;NA;NA
"1424";"1794";"школьная улица";"66";NA;NA;NA
"1425";"1795";"приморский проспект";"63";NA;NA;NA
"1426";"1796";"школьная улица";"19";NA;NA;NA
"1427";"1797";"школьная улица";"13";NA;NA;NA
"1428";"1798";"школьная улица";"13";NA;NA;NA
"1429";"1799";"школьная улица";"19";NA;NA;NA
"1430";"1800";"савушкина улица";"5";NA;NA;NA
"1431";"1801";"новосибирская улица";"16";"2";NA;NA
"1432";"1802";"новосибирская улица";"16";"2";NA;NA
"1433";"1803";"омская улица";"16";NA;NA;NA
"1434";"1804";"омская улица";"17";NA;NA;NA
"1435";"1805";"ланское шоссе";"24";"5";NA;NA
"1436";"1806";"торжковская улица";"10";NA;"А";NA
"1437";"1807";"торжковская улица";"10";NA;"А";NA
"1438";"1808";"торжковская улица";"30";NA;"А";NA
"1439";"1809";"сердобольская улица";"50/52";NA;NA;NA
"1440";"1810";"сердобольская улица";"50/52";NA;NA;NA
"1441";"1812";"проспект сизова";"32";"3";NA;NA
"1442";"1813";"проспект сизова";"32";"3";NA;NA
"1443";"1814";"проспект сизова";"32";"3";NA;NA
"1444";"1815";"проспект сизова";"32";"3";NA;NA
"1445";"1816";"проспект королёва";"32";"1";NA;NA
"1446";"1817";"улица маршала новикова";"1";"3";NA;NA
"1447";"1818";"улица маршала новикова";"1";"3";NA;NA
"1448";"1819";"улица маршала новикова";"1";"3";NA;NA
"1449";"1820";"улица маршала новикова";"1";"3";NA;NA
"1450";"1821";"улица маршала новикова";"8";"2";NA;NA
"1451";"1822";"улица маршала новикова";"8";"2";NA;NA
"1452";"1823";"улица маршала новикова";"8";"2";NA;NA
"1453";"1824";"комендантский проспект";"17";"3";NA;NA
"1454";"1825";"комендантский проспект";"17";"3";NA;NA
"1455";"1826";"комендантский проспект";"17";"3";NA;NA
"1456";"1827";"комендантский проспект";"21";"3";NA;NA
"1457";"1828";"комендантский проспект";"21";"3";NA;NA
"1458";"1829";"комендантский проспект";"21";"3";NA;NA
"1459";"1830";"комендантский проспект";"22";"3";NA;NA
"1460";"1831";"комендантский проспект";"22";"3";NA;NA
"1461";"1832";"комендантский проспект";"22";"3";NA;NA
"1462";"1833";"проспект авиаконструкторов";"15";"2";NA;NA
"1463";"1834";"комендантский проспект";"22";"3";NA;NA
"1464";"1835";"проспект авиаконструкторов";"15";"2";NA;NA
"1465";"1836";"проспект авиаконструкторов";"15";"2";NA;NA
"1466";"1837";"проспект авиаконструкторов";"15";"2";NA;NA
"1467";"1838";"улица ильюшина";"15";"3";NA;NA
"1468";"1839";"улица ильюшина";"15";"3";NA;NA
"1469";"1840";"улица ильюшина";"15";"3";NA;NA
"1470";"1841";"богатырский проспект";"19";NA;NA;NA
"1471";"1842";"богатырский проспект";"19";NA;NA;NA
"1472";"1843";"богатырский проспект";"19";NA;NA;NA
"1473";"1844";"богатырский проспект";"19";NA;NA;NA
"1474";"1867";"аэродромная улица";"11";"2";NA;NA
"1475";"1868";"аэродромная улица";"11";"2";NA;NA
"1476";"1869";"аэродромная улица";"11";"2";NA;NA
"1477";"1870";"аэродромная улица";"11";"2";NA;NA
"1478";"1871";"аэродромная улица";"11";"2";NA;NA
"1479";"1872";"богатырский проспект";"7";"4";NA;NA
"1480";"1873";"богатырский проспект";"7";"4";NA;NA
"1481";"1874";"серебристый бульвар";"9";"2";NA;NA
"1482";"1875";"серебристый бульвар";"9";"2";NA;NA
"1483";"1876";"серебристый бульвар";"16";"3";NA;NA
"1484";"1877";"серебристый бульвар";"16";"3";NA;NA
"1485";"1878";"серебристый бульвар";"16";"3";NA;NA
"1486";"1879";"поликарпова аллея";"7";NA;NA;NA
"1487";"1880";"поликарпова аллея";"7";NA;NA;NA
"1488";"1881";"поликарпова аллея";"7";NA;NA;NA
"1489";"1882";"поликарпова аллея";"7";NA;NA;NA
"1490";"1883";"проспект королёва";"8";NA;NA;NA
"1491";"1884";"проспект королёва";"8";NA;NA;NA
"1492";"1885";"проспект королёва";"8";NA;NA;NA
"1493";"1886";"проспект королёва";"8";NA;NA;NA
"1494";"1887";"проспект королёва";"11";NA;NA;NA
"1495";"1888";"проспект королёва";"11";NA;NA;NA
"1496";"1889";"проспект королёва";"11";NA;NA;NA
"1497";"1890";"проспект королёва";"11";NA;NA;NA
"1498";"1891";"байконурская улица";"25";NA;NA;NA
"1499";"1892";"байконурская улица";"25";NA;NA;NA
"1500";"1893";"проспект королёва";"47";"2";NA;NA
"1501";"1894";"проспект королёва";"47";"2";NA;NA
"1502";"1895";"проспект королёва";"47";"2";NA;NA
"1503";"1896";"улица маршала новикова";"15";"1";NA;NA
"1504";"1897";"улица маршала новикова";"15";"1";NA;NA
"1505";"1898";"комендантский проспект";"29";"2";NA;NA
"1506";"1899";"комендантский проспект";"29";"2";NA;NA
"1507";"1900";"комендантский проспект";"29";"2";NA;NA
"1508";"1901";"комендантский проспект";"29";"2";NA;NA
"1509";"1902";"комендантский проспект";"37";"3";NA;NA
"1510";"1903";"комендантский проспект";"37";"3";NA;NA
"1511";"1904";"комендантский проспект";"37";NA;NA;NA
"1512";"1905";"проспект авиаконструкторов";"21";"2";NA;NA
"1513";"1906";"проспект авиаконструкторов";"21";"2";NA;NA
"1514";"1907";"проспект авиаконструкторов";"21";"2";NA;NA
"1515";"1908";"проспект авиаконструкторов";"29";"3";NA;NA
"1516";"1909";"проспект авиаконструкторов";"29";"3";NA;NA
"1517";"1910";"проспект авиаконструкторов";"14";NA;NA;NA
"1518";"1911";"проспект авиаконструкторов";"14";NA;NA;NA
"1519";"1912";"проспект авиаконструкторов";"14";NA;NA;NA
"1520";"1913";"проспект авиаконструкторов";"35";"2";NA;NA
"1521";"1914";"проспект авиаконструкторов";"35";"2";NA;NA
"1522";"1915";"проспект авиаконструкторов";"22";"1";NA;NA
"1523";"1916";"проспект авиаконструкторов";"22";"1";NA;NA
"1524";"1917";"проспект авиаконструкторов";"22";"1";NA;NA
"1525";"1918";"планерная улица";"73";"1";NA;NA
"1526";"1919";"планерная улица";"69";"2";"А";NA
"1527";"1920";"планерная улица";"69";"2";"А";NA
"1528";"1921";"планерная улица";"69";"2";"А";NA
"1529";"1922";"планерная улица";"73";"1";NA;NA
"1530";"1923";"нижне-каменская улица";"2";NA;NA;NA
"1531";"1924";"нижне-каменская улица";"2";NA;NA;NA
"1532";"1927";"3-я линия 1-й половины";"10";NA;"А";NA
"1533";"1928";"чистяковская улица";"4";NA;NA;NA
"1534";"1929";NA;"10";NA;NA;"Большая Каменка"
"1535";"1930";"улица щербакова";"18";NA;NA;NA
"1536";"1931";"улица щербакова";"18";NA;NA;NA
"1537";"1932";"улица щербакова";"18";NA;NA;NA
"1538";"1933";"улица щербакова";"18";NA;NA;NA
"1539";"1934";"улица щербакова";"16";NA;NA;NA
"1540";"1935";"улица щербакова";"16";NA;NA;NA
"1541";"1936";"улица щербакова";"16";NA;NA;NA
"1542";"1937";"новоколомяжский проспект";"4";"4";NA;NA
"1543";"1938";"новоколомяжский проспект";"4";"4";NA;NA
"1544";"1939";"новоколомяжский проспект";"4";"4";NA;NA
"1545";"1940";"новоколомяжский проспект";"4";"4";NA;NA
"1546";"1941";"поклонногорская улица";"52";NA;NA;NA
"1547";"1942";"нижне-каменская улица";"2";NA;NA;NA
"1548";"1943";"нижне-каменская улица";"2";NA;NA;NA
"1549";"1949";"генерала хазова улица";"7";NA;NA;NA
"1550";"1950";"генерала хазова улица";"18";NA;NA;NA
"1551";"1951";"генерала хазова улица";"18";NA;NA;NA
"1552";"1952";"школьная улица";"55";NA;NA;NA
"1553";"1953";"генерала хазова улица";"7";NA;NA;NA
"1554";"1954";"ленинградская улица";"83";NA;NA;NA
"1555";"1955";"генерала хазова улица";"7";NA;NA;NA
"1556";"1956";"красносельское шоссе";"14";"3";NA;NA
"1557";"1957";"железнодорожная улица";"54";NA;NA;NA
"1558";"1958";"ленинградская улица";"2";NA;NA;NA
"1559";"1959";"железнодорожная улица";"56";NA;NA;NA
"1560";"1960";"железнодорожная улица";"54";NA;NA;NA
"1561";"1961";"алексея толстого бульвар";"42";NA;NA;NA
"1562";"1962";"алексея толстого бульвар";"42";NA;NA;NA
"1563";"1963";"ленинградская улица";"36";NA;NA;NA
"1564";"1964";"ленинградская улица";"2";NA;NA;NA
"1565";"1965";"софийский бульвар";"9";NA;NA;NA
"1566";"1966";"софийский бульвар";"9";NA;NA;NA
"1567";"1967";"пушкинская улица";"3";NA;NA;NA
"1568";"1968";"пушкинская улица";"28/21";NA;NA;NA
"1569";"1969";"госпитальная улица";"24";NA;NA;NA
"1570";"1970";"леонтьевская улица";"10";NA;NA;NA
"1571";"1971";"красносельское шоссе";"14";"3";NA;NA
"1572";"1972";"красносельское шоссе";"14";"3";NA;NA
"1573";"1973";"артиллерийская улица";"7/20";NA;NA;NA
"1574";"1974";"кадетский бульвар";"22";NA;"А";NA
"1575";"1975";"артиллерийская улица";"7/20";NA;NA;NA
"1576";"1976";"радищева улица";"22";NA;NA;NA
"1577";"1977";"кедринская улица";"10";NA;"А";NA
"1578";"1978";"красносельское шоссе";"9";NA;NA;NA
"1579";"1979";"красносельское шоссе";"9";NA;NA;NA
"1580";"1980";"красносельское шоссе";"14";"3";NA;NA
"1581";"1981";"красносельское шоссе";"29";NA;NA;NA
"1582";"1982";NA;"12";NA;NA;"Лесное"
"1583";"1983";"павловское шоссе";"67";NA;NA;NA
"1584";"2010";"кедринская улица";"10";NA;"А";NA
"1585";"1984";"берёзовая улица";"13";NA;NA;NA
"1586";"1985";"конюшенная улица";"7";NA;NA;NA
"1587";"1986";"декабристов улица";"16";NA;NA;NA
"1588";"1987";"садовая улица";"49";"2";NA;NA
"1589";"1988";"берёзовая улица";"18";NA;NA;NA
"1590";"1989";"конюшенная улица";"24";NA;NA;NA
"1591";"1990";"горная улица";"14";NA;"А";NA
"1592";"1991";"клубная площадь";"1";NA;NA;"Динамо"
"1593";"1992";"волхонское шоссе";"32";NA;NA;"Александровская"
"1594";"1993";"большая улица";"1";NA;NA;"Тярлево"
"1595";"1994";"первомайская улица";"6";NA;"А";"Шушары"
"1596";"1995";"первомайская улица";"6";NA;"А";"Шушары"
"1597";"1996";"первомайская улица";"6";NA;"А";"Шушары"
"1598";"1997";"пулковское отд. спк шушары";"30";NA;NA;"Шушары"
"1599";"1998";"первомайская улица";"1";NA;"А";"Шушары"
"1600";"1999";"пушкинская улица";"12";NA;NA;"Шушары"
"1601";"2000";NA;"19";NA;"А";"Ленсоветовский"
"1602";"2001";NA;"19";NA;"А";"Ленсоветовский"
"1603";"2002";"волховская улица";"3";NA;NA;NA
"1604";"2003";"колпинское шоссе";"12";"3";NA;NA
"1605";"2004";"колпинское шоссе";"20";"3";NA;NA
"1606";"2005";"колпинское шоссе";"20";"3";NA;NA
"1607";"2006";"колпинское шоссе";"20";"3";NA;NA
"1608";"2007";"центральная улица";"17";NA;NA;"Детскосельский"
"1609";"2008";"центральная улица";"17";NA;NA;"Детскосельский"
"1610";"2009";"центральная улица";"6";NA;NA;"Детскосельский"
"1611";"2011";"изборская улица";"4";"2";NA;"Шушары"
"1612";"2012";"ростовская улица";"23";"2";NA;"Шушары"
"1613";"2013";"ростовская улица";"23";"2";NA;"Шушары"
"1614";"2014";"изборская улица";"4";"2";NA;"Шушары"
"1615";"2015";"колпинское шоссе";"20";"3";NA;"Шушары"
"1616";"2035";"лиговский проспект";"156";NA;NA;NA
"1617";"2036";"расстанная улица";"20";NA;"А";NA
"1618";"2037";"расстанная улица";"20";NA;"А";NA
"1619";"2038";"воронежская улица";"79";NA;NA;NA
"1620";"2039";"воронежская улица";"79";NA;NA;NA
"1621";"2040";"волковский проспект";"4";NA;"А";NA
"1622";"2041";"волковский проспект";"106";NA;NA;NA
"1623";"2042";"бухарестская улица";"5";NA;NA;NA
"1624";"2043";"бухарестская улица";"5";NA;NA;NA
"1625";"2044";"пражская улица";"7";"4";NA;NA
"1626";"2045";"пражская улица";"7";"4";NA;NA
"1627";"2046";"пражская улица";"7";"4";NA;NA
"1628";"2047";"пражская улица";"7";"4";NA;NA
"1629";"2048";"пражская улица";"7";"4";NA;NA
"1630";"2049";"улица белы куна";"24";"2";NA;NA
"1631";"2050";"улица белы куна";"24";"2";NA;NA
"1632";"2051";"будапештская улица";"8";"3";NA;NA
"1633";"2052";"будапештская улица";"8";"3";NA;NA
"1634";"2053";"будапештская улица";"8";"3";NA;NA
"1635";"2054";"будапештская улица";"8";"3";NA;NA
"1636";"2055";"софийская улица";"34";"3";NA;NA
"1637";"2056";"софийская улица";"34";"3";NA;NA
"1638";"2057";"софийская улица";"34";"3";NA;NA
"1639";"2058";"софийская улица";"42";"3";NA;NA
"1640";"2059";"софийская улица";"42";"3";NA;NA
"1641";"2060";"южное шоссе";"54";NA;"А";NA
"1642";"2061";"улица турку";"29";"2";NA;NA
"1643";"2062";"софийская улица";"39";"1";NA;NA
"1644";"2063";"пражская улица";"36";NA;"А";NA
"1645";"2064";"пражская улица";"36";NA;"А";NA
"1646";"2065";"пражская улица";"36";NA;"А";NA
"1647";"2066";"улица турку";"30";NA;NA;NA
"1648";"2067";"улица турку";"30";NA;NA;NA
"1649";"2068";"софийская улица";"33";"1";NA;NA
"1650";"2069";"пражская улица";"30";"1";NA;NA
"1651";"2070";"пражская улица";"30";"1";NA;NA
"1652";"2071";"пражская улица";"25";NA;NA;NA
"1653";"2072";"пражская улица";"25";NA;NA;NA
"1654";"2073";"улица турку";"16";NA;NA;NA
"1655";"2074";"улица турку";"16";NA;NA;NA
"1656";"2075";"улица турку";"29";"2";NA;NA
"1657";"2076";"улица турку";"29";"2";NA;NA
"1658";"2077";"улица турку";"21";"2";NA;NA
"1659";"2078";"улица турку";"21";"2";NA;NA
"1660";"2079";"проспект славы";"40";"5";NA;NA
"1661";"2080";"проспект славы";"40";"5";NA;NA
"1662";"2081";"улица белградская";"8";"2";NA;NA
"1663";"2082";"улица белградская";"8";"2";NA;NA
"1664";"2083";"улица белградская";"8";"2";NA;NA
"1665";"2084";"улица белградская";"8";"2";NA;NA
"1666";"2085";"белградская улица";"14";"2";NA;NA
"1667";"2086";"бухарестская улица";"33";"6";NA;NA
"1668";"2087";"бухарестская улица";"33";"6";NA;NA
"1669";"2088";"бухарестская улица";"33";"6";NA;NA
"1670";"2089";"бухарестская улица";"33";"6";NA;NA
"1671";"2090";"белградская улица";"14";"2";NA;NA
"1672";"2091";"будапештская улица";"30";"2";NA;NA
"1673";"2092";"будапештская улица";"42";"6";NA;NA
"1674";"2093";"будапештская улица";"42";"6";NA;NA
"1675";"2094";"будапештская улица";"42";"6";NA;NA
"1676";"2095";"проспект славы";"6";"2";NA;NA
"1677";"2096";"белградская улица";"20";"2";NA;NA
"1678";"2097";"белградская улица";"20";"2";NA;NA
"1679";"2098";"белградская улица";"20";"2";NA;NA
"1680";"2099";"проспект славы";"6";"2";NA;NA
"1681";"2100";"проспект славы";"6";"2";NA;NA
"1682";"2104";"альпийский переулок";"19";"2";NA;NA
"1683";"2105";"проспект славы";"35";"2";NA;NA
"1684";"2106";"проспект славы";"35";"2";NA;NA
"1685";"2107";"альпийский переулок";"19";"2";NA;NA
"1686";"2108";"будапештская улица";"64";"2";NA;NA
"1687";"2109";"будапештская улица";"64";"2";NA;NA
"1688";"2110";"будапештская улица";"64";"2";NA;NA
"1689";"2111";"будапештская улица";"64";"2";NA;NA
"1690";"2112";"альпийский переулок";"5";"2";NA;NA
"1691";"2113";"альпийский переулок";"19";"2";NA;NA
"1692";"2114";"альпийский переулок";"5";"2";NA;NA
"1693";"2115";"улица димитрова";"10";"3";NA;NA
"1694";"2116";"улица димитрова";"10";"3";NA;NA
"1695";"2117";"улица димитрова";"10";"3";NA;NA
"1696";"2118";"улица димитрова";"9";"3";NA;NA
"1697";"2119";"купчинская улица";"11";"4";NA;NA
"1698";"2120";"купчинская улица";"11";"4";NA;NA
"1699";"2121";"улица димитрова";"9";"3";NA;NA
"1700";"2122";"улица димитрова";"9";"3";NA;NA
"1701";"2123";"улица димитрова";"15";"3";NA;NA
"1702";"2124";"улица димитрова";"15";"3";NA;NA
"1703";"2125";"улица димитрова";"15";"3";NA;NA
"1704";"2126";"купчинская улица";"15";"3";NA;NA
"1705";"2127";"будапештская улица";"79";"2";NA;NA
"1706";"2128";"будапештская улица";"79";"2";NA;NA
"1707";"2129";"дунайский проспект";"48";"2";NA;NA
"1708";"2130";"дунайский проспект";"48";"2";NA;NA
"1709";"2131";"купчинская улица";"15";"3";NA;NA
"1710";"2132";"купчинская улица";"15";"3";NA;NA
"1711";"2133";"дунайский проспект";"48";"2";NA;NA
"1712";"2134";"улица малая бухарестская";"5";"1";NA;NA
"1713";"2135";"улица малая бухарестская";"5";"1";NA;NA
"1714";"2136";"улица малая бухарестская";"5";"1";NA;NA
"1715";"2137";"улица малая бухарестская";"5";"1";NA;NA
"1716";"2138";"улица малая бухарестская";"7";"1";NA;NA
"1717";"2139";"улица малая бухарестская";"7";"1";NA;NA
"1718";"2140";"улица ярослава гашека";"28";NA;"А";NA
"1719";"2141";"улица ярослава гашека";"28";NA;"А";NA
"1720";"2142";"улица ярослава гашека";"28";NA;"А";NA
"1721";"2143";"улица олеко дундича";"38";"3";NA;NA
"1722";"2144";"улица олеко дундича";"38";"3";NA;NA
"1723";"2145";"улица олеко дундича";"38";"3";NA;NA
"1724";"2146";"улица олеко дундича";"37";"2";NA;NA
"1725";"2147";"улица олеко дундича";"37";"2";NA;NA
"1726";"2148";"улица малая балканская";"60";"3";NA;NA
"1727";"2149";"улица малая балканская";"60";"3";NA;NA
"1728";"2150";"дунайский проспект";"43";"2";NA;NA
"1729";"2151";"дунайский проспект";"43";"2";NA;NA
"1730";"2152";"улица ярослава гашека";"10";"2";NA;NA
"1731";"2153";"улица ярослава гашека";"10";"2";NA;NA
"1732";"2154";"улица ярослава гашека";"10";"2";NA;NA
"1733";"2155";"улица ярослава гашека";"4";"4";NA;NA
"1734";"2156";"улица олеко дундича";"26";"2";NA;NA
"1735";"2157";"улица олеко дундича";"26";"2";NA;NA
"1736";"2158";"улица олеко дундича";"26";"2";NA;NA
"1737";"2159";"улица будапештская";"93";NA;NA;NA
"1738";"2160";"улица будапештская";"93";NA;NA;NA
"1739";"2161";"улица будапештская";"93";NA;NA;NA
"1740";"2162";"улица олеко дундича";"25";"3";NA;NA
"1741";"2163";"улица олеко дундича";"25";"3";NA;NA
"1742";"2164";"улица олеко дундича";"25";"3";NA;NA
"1743";"2165";"улица малая балканская";"44";NA;NA;NA
"1744";"2166";"улица малая балканская";"44";NA;NA;NA
"1745";"2167";"улица малая балканская";"44";NA;NA;NA
"1746";"2168";"улица ярослава гашека";"4";"4";NA;NA
"1747";"2169";"улица ярослава гашека";"4";"4";NA;NA
"1748";"2170";"улица ярослава гашека";"9";"2";NA;NA
"1749";"2171";"улица ярослава гашека";"9";"2";NA;NA
"1750";"2172";"улица ярослава гашека";"9";"2";NA;NA
"1751";"2173";"улица малая балканская";"36";"3";NA;NA
"1752";"2174";"улица малая балканская";"36";"3";NA;NA
"1753";"2180";"миллионная улица";"14";NA;NA;NA
"1754";"2181";"набережная реки мойки";"38";NA;NA;NA
"1755";"2182";"невский проспект";"22";NA;"А";NA
"1756";"2183";"площадь искусств";"2";NA;NA;NA
"1757";"2184";"гагаринская улица";"5";NA;NA;NA
"1758";"2185";"набережная робеспьера";"24";NA;NA;NA
"1759";"2186";"шпалерная улица";"33";NA;NA;NA
"1760";"2187";"кирочная улица";"8";NA;"А";NA
"1761";"2188";"соляной переулок";"12";NA;NA;NA
"1762";"2189";"соляной переулок";"12";NA;NA;NA
"1763";"2190";"улица моховая";"6";NA;NA;NA
"1764";"2191";"набережная реки фонтанки";"22";NA;NA;NA
"1765";"2192";"литейный проспект";"42";NA;NA;NA
"1766";"2193";"пестеля улица";"16";NA;"Б";NA
"1767";"2194";"гродненский переулок";"8";NA;NA;NA
"1768";"2195";"улица рылеева";"9";NA;NA;NA
"1769";"2196";"улица маяковского";"26";NA;NA;NA
"1770";"2197";"набережная реки фонтанки";"32";NA;NA;NA
"1771";"2198";"литейный проспект";"42";NA;NA;NA
"1772";"2199";"маяковского улица";"9/16";NA;NA;NA
"1773";"2200";"маяковского улица";"8";NA;NA;NA
"1774";"2201";"невский проспект";"108";NA;NA;NA
"1775";"2202";"гороховая улица";"20";NA;NA;NA
"1776";"2203";"набережная канала грибоедова";"30";NA;NA;NA
"1777";"2204";"невский проспект";"39";NA;NA;NA
"1778";"2205";"торговый переулок";"2";NA;"А";NA
"1779";"2206";"графский переулок";"1";NA;NA;NA
"1780";"2207";"графский переулок";"1";NA;NA;NA
"1781";"2208";"графский переулок";"8";NA;NA;NA
"1782";"2209";"большая московская улица";"10";NA;NA;NA
"1783";"2210";"большая московская улица";"10";NA;NA;NA
"1784";"2211";"набережная реки фонтанки";"62";NA;NA;NA
"1785";"2212";"набережная реки фонтанки";"62";NA;NA;NA
"1786";"2213";"ломоносова улица";"9";NA;NA;NA
"1787";"2214";"переулок джамбула";"3";NA;NA;NA
"1788";"2215";"социалистическая улица";"7/11";NA;NA;NA
"1789";"2216";"пушкинская улица";"9";NA;NA;NA
"1790";"2217";"кузнечный переулок";"20";NA;NA;NA
"1791";"2218";"кузнечный переулок";"9/27";NA;NA;NA
"1792";"2219";"коломенская улица";"6";NA;NA;NA
"1793";"2220";"коломенская улица";"6";NA;NA;NA
"1794";"2221";"правды улица";"8";NA;NA;NA
"1795";"2222";"константина заслонова улица";"23";NA;NA;NA
"1796";"2223";"звенигородская улица";"30";NA;NA;NA
"1797";"2224";"улица константина заслонова";"6";NA;NA;NA
"1798";"2225";"константина заслонова улица";"6";NA;NA;NA
"1799";"2233";"захарьевская улица";"18";NA;NA;NA
"1800";"2234";"фурштатская улица";"29";NA;"А";NA
"1801";"2235";"кирочная улица";"28";NA;"А";NA
"1802";"2236";"шпалерная улица";"50";NA;"А";NA
"1803";"2237";"таврическая улица";"10";NA;NA;NA
"1804";"2238";"кавалергардская улица";"9";NA;NA;NA
"1805";"2239";"пролетарской диктатуры улица";"1";NA;NA;NA
"1806";"2240";"пролетарской диктатуры улица";"1";NA;NA;NA
"1807";"2241";"кирочная улица";"28";NA;"А";NA
"1808";"2242";"кирочная улица";"32";NA;NA;NA
"1809";"2243";"кирочная улица";"54";NA;NA;NA
"1810";"2244";"дегтярный переулок";"24";NA;NA;NA
"1811";"2245";"ковенский переулок";"10";NA;NA;NA
"1812";"2246";"улица восстания";"8";NA;NA;NA
"1813";"2247";"греческий проспект";"21";NA;NA;NA
"1814";"2248";"дегтярный переулок";"24";NA;NA;NA
"1815";"2249";"греческий проспект";"21";NA;NA;NA
"1816";"2250";"6-я советская улица";"3";NA;NA;NA
"1817";"2251";"восстания улица";"8";NA;NA;NA
"1818";"2252";"прудковский переулок";"1/8";NA;NA;NA
"1819";"2253";"6-я советская улица";"3";NA;NA;NA
"1820";"2254";"2-я советская улица";"27/2";NA;NA;NA
"1821";"2255";"2-я советская улица";"27/2";NA;NA;NA
"1822";"2256";"9-я советская улица";"31";NA;NA;NA
"1823";"2257";"моисеенко улица";"19";NA;NA;NA
"1824";"2258";"8-я советская улица";"58";NA;NA;NA
"1825";"2259";"9-я советская улица";"31";NA;NA;NA
"1826";"2260";"херсонская улица";"9";NA;NA;NA
"1827";"2261";"херсонская улица";"9";NA;NA;NA
"1828";"2262";"невский проспект";"169";NA;NA;NA
"1829";"2263";"гончарная улица";"15";NA;NA;NA
"1830";"2264";"харьковская улица";"13";NA;NA;NA
"1831";"2265";"невский проспект";"169";NA;NA;NA
"1832";"2266";"лиговский проспект";"70";NA;NA;NA
"1833";"2267";"черняховского улица";"30";NA;NA;NA
"1834";"2268";"черняховского улица";"30";NA;NA;NA
